0.0,0.0,0.0,0,11.01938630231983,3.3977230072979054,3.52495742092446
0.0,0.0,0.0,0,6.34649232867848,3.448255691782309,3.52495742092446
0.0,0.0,0.0,0,4.631165793366755,3.468037089022373,3.52495742092446
0.0,0.0,0.0,0,3.365291084330188,3.483077749781879,3.52495742092446
0.0,0.0,0.0,0,2.3364584594589815,3.4955850724319286,3.52495742092446
0.0,0.0,0.0,0,1.6730431287280396,3.5037870164976086,3.52495742092446
0.0,0.0,0.0,0,1.0678503495795653,3.511364040742239,3.52495742092446
0.0,0.0,0.0,0,0.6405115962897483,3.5167694126707496,3.52495742092446
0.0,0.0,0.0,0,0.13540000118322126,3.5232178588659755,3.52495742092446
0.0,0.0,0.0,0,0.011634862145626812,3.5248077578947266,3.52495742092446
0.0,0.0,0.0,0,0.18166875375279545,3.5226244859567495,3.52495742092446
0.0,0.0,0.0,0,-2.963343297445846,3.52495742092446,3.487933647776752
597.2,627.4,0.0,0,-1.499564884435479,3.52495742092446,3.328569283100518e-16
0.0,0.0,0.0,0,123.66388578326092,2.0003877026839867e-16,3.52495742092446
0.0,0.0,0.0,0,26.894162325148905,3.16264095846461,3.4519206316930697
1812.24,1846.27,1033.37,0,-5.461215109179314,3.177099780701627,-0.00543525571284621
1639.85,877.08,0.0,0,42.19388805906132,3.52495742092446,3.328569283100518e-16
0.0,0.0,0.0,0,171.10900603452808,2.0003877026839867e-16,3.52495742092446
0.0,0.0,0.0,0,55.56317584216498,1.7996655709530245,3.52495742092446
157.34,626.24,287.65,0,-17.033693474430805,3.177099780701627,1.0093165304267695
1829.94,1759.46,0.0,0,10.079594185614646,3.52495742092446,-1.0050147492625363
0.0,0.0,0.0,0,131.1187361890445,2.0003877026839867e-16,3.52495742092446
499.92,240.13,0.0,0,30.42332988186513,3.52495742092446,3.328569283100518e-16
0.0,0.0,0.0,0,131.2345767094481,2.0003877026839867e-16,3.52495742092446
0.0,0.0,0.0,0,25.09273620870278,3.2040760077558073,3.472017504025507
1765.05,1840.47,1211.79,0,3.938062966997819,3.177099780701627,-0.00543525571284621
1824.34,1796.08,413.34,0,12.90801418671149,3.177099780701627,-0.00543525571284621
1835.05,1602.21,0.0,0,32.76118060733991,3.52495742092446,-1.0050147492625363
1054.38,0.0,0.0,0,75.13861609391337,3.52495742092446,1.4723679417121474
0.0,0.0,0.0,0,111.58317524043079,2.0003877026839867e-16,3.52495742092446
0.0,0.0,0.0,0,74.4228998397638,2.0003877026839867e-16,3.52495742092446
948.63,936.09,0.0,0,23.370270606076446,3.52495742092446,-0.2852698179049948
1068.99,0.0,0.0,0,65.01262565729624,3.52495742092446,1.4723679417121474
0.0,0.0,0.0,0,99.31222877283574,2.0003877026839867e-16,3.52495742092446
0.0,0.0,0.0,0,61.59794746745244,2.0003877026839867e-16,3.52495742092446
1253.86,0.0,0.0,0,10.815515752883819,3.52495742092446,1.4723679417121474
0.0,0.0,0.0,0,26.749664227446004,3.166024998096066,3.4535572018064276
0.0,0.0,0.0,0,30.07646349190253,3.085146303820838,3.4166736910194686
0.0,0.0,0.0,0,26.670708433088343,3.1678694936821934,3.4544496689202395
0.0,0.0,0.0,0,23.398916129798536,3.2416329026355846,3.4902848728483193
0.0,0.0,0.0,0,19.808899678331656,3.3149715576671532,3.52495742092446
0.0,0.0,0.0,0,19.98334776626716,3.313481035064855,3.52495742092446
0.0,0.0,0.0,0,17.04530189029846,3.3393503284429404,3.52495742092446
0.0,0.0,0.0,0,12.159928954419343,3.386105116856634,3.52495742092446
35.11,1202.97,0.0,0,9.582703269630528,3.52495742092446,-1.0050147492625363
1776.76,1846.54,0.0,0,49.116242781092964,3.52495742092446,-1.0050147492625363
0.0,0.0,0.0,0,93.01209562439625,2.0003877026839867e-16,3.52495742092446
554.49,0.0,0.0,0,62.759922610549786,3.52495742092446,1.4723679417121474
0.0,0.0,0.0,0,62.398668430968684,2.0003877026839867e-16,3.52495742092446
919.75,0.0,0.0,0,28.030448749370187,3.52495742092446,1.4723679417121474
0.0,0.0,0.0,0,44.83576252744441,2.6295023010860437,3.52495742092446
0.0,0.0,0.0,0,42.51687118610409,2.712985083323049,3.52495742092446
0.0,0.0,0.0,0,33.06169063097434,3.006446397942132,3.451419790134274
0.0,0.0,0.0,0,22.76265079369081,3.255414126517857,3.4969820951359396
0.0,0.0,0.0,0,18.755667667875073,3.324091620821019,3.52495742092446
0.0,0.0,0.0,0,16.907892914263925,3.34060061356809,3.52495742092446
0.0,0.0,0.0,0,16.546928414888313,3.3439025129740245,3.52495742092446
0.0,0.0,0.0,0,16.77951775871233,3.3417720118262078,3.52495742092446
0.0,0.0,0.0,0,13.939732212627575,3.3685150221752203,3.52495742092446
0.0,0.0,0.0,0,10.989007994746487,3.398036197231056,3.52495742092446
0.0,0.0,0.0,0,6.696307319233341,3.444304702137324,3.52495742092446
0.0,243.75,849.54,0,5.000822941387227,3.177099780701627,3.177099780701627
0.0,0.0,0.0,0.0,10.734886796672065,3.4006637733586773,3.52495742092446
0.0,0.0,0.0,0.0,6.234430519271626,3.449527278383945,3.52495742092446
0.0,0.0,0.0,0.0,4.5393860787041405,3.469114821156413,3.52495742092446
0.0,0.0,0.0,0.0,3.3036547217698953,3.483819848292439,3.52495742092446
0.0,0.0,0.0,0.0,2.436861928352897,3.4943531670945855,3.52495742092446
0.0,0.0,0.0,0.0,1.7785505994483515,3.5024753596541336,3.52495742092446
0.0,0.0,0.0,0.0,0.9426004060522786,3.5129435730345078,3.52495742092446
0.0,0.0,0.0,0.0,0.48649766348589907,3.5187287776771834,3.52495742092446
0.0,0.0,0.0,0.0,0.2220689769861366,3.522106818417978,3.52495742092446
0.0,0.0,0.0,0.0,-0.09225933276668741,3.52495742092446,3.5237716057519495
0.0,0.0,0.0,0.0,-0.2334777641413197,3.52495742092446,3.5219607071207255
0.0,0.0,0.0,0.0,-0.486363859374066,3.52495742092446,3.518730482534663
0.0,0.0,0.0,0.0,-0.559783266322718,3.52495742092446,3.517795692386772
0.0,0.0,0.0,0.0,-0.8307713383772253,3.52495742092446,3.5143571743115247
0.0,0.0,0.0,0.0,-1.2077275203190538,3.52495742092446,3.5096046778775523
0.0,0.0,0.0,0.0,-1.2741815848963682,3.52495742092446,3.5087705344439106
475.53,461.11,0.0,0.0,-1.4760503507777258,3.52495742092446,3.328569283100518e-16
644.36,0.0,0.0,0.0,40.81497208680352,3.52495742092446,1.4723679417121474
0.0,0.0,0.0,0.0,77.38738535427794,2.0003877026839867e-16,3.52495742092446
31.15,0.0,0.0,0.0,45.161438483983865,3.52495742092446,1.4723679417121474
0.0,0.0,0.0,0.0,58.71266208113773,0.8973282633973637,3.52495742092446
483.16,0.0,0.0,0.0,30.928957379936907,3.52495742092446,1.4723679417121474
331.32,0.0,0.0,0.0,50.85093417098269,3.52495742092446,1.4723679417121474
0.0,0.0,0.0,0.0,84.2835306204089,2.0003877026839867e-16,3.52495742092446
0.0,0.0,0.0,0.0,45.043935716719844,2.6212984873414698,3.52495742092446
908.92,725.41,0.0,0.0,18.294434869823114,3.52495742092446,3.328569283100518e-16
432.2,0.0,0.0,0.0,63.085699857028146,3.52495742092446,1.4723679417121474
0.0,0.0,0.0,0.0,98.26824080637466,2.0003877026839867e-16,3.52495742092446
0.0,0.0,0.0,0.0,59.79042840924952,0.19501737076125192,3.52495742092446
644.46,643.86,0.0,0.0,11.161668458981879,3.52495742092446,3.328569283100518e-16
1037.53,240.11,0.0,0.0,43.6446172323937,3.52495742092446,3.328569283100518e-16
0.0,0.0,0.0,0.0,98.02921123915321,2.0003877026839867e-16,3.52495742092446
11.64,0.0,0.0,0.0,62.631936739424084,3.52495742092446,1.4723679417121474
0.0,0.0,0.0,0.0,82.13516665459642,2.0003877026839867e-16,3.52495742092446
207.54,0.0,0.0,0.0,47.85308384139492,3.52495742092446,1.4723679417121474
148.18,0.0,0.0,0.0,61.25924507916607,3.52495742092446,1.4723679417121474
0.0,0.0,0.0,0.0,95.07028938023629,2.0003877026839867e-16,3.52495742092446
0.0,0.0,0.0,0.0,59.86845251982604,0.12547228071135094,3.52495742092446
514.2,656.07,0.0,0.0,8.725382088430727,3.52495742092446,3.328569283100518e-16
1241.54,749.09,0.0,0.0,45.047360068306006,3.52495742092446,3.328569283100518e-16
0.0,0.0,0.0,0.0,97.35159345739393,2.0003877026839867e-16,3.52495742092446
0.0,0.0,0.0,0.0,67.28252359214538,2.0003877026839867e-16,3.52495742092446
1365.82,1469.35,0.0,0.0,14.981098024489505,3.52495742092446,-1.0050147492625363
0.0,0.0,0.0,0.0,56.729233647829126,1.5669467676794469,3.52495742092446
0.0,0.0,0.0,0.0,41.54484412043432,2.74432953358279,3.52495742092446
0.0,0.0,0.0,0.0,28.54307073851185,3.123224148375638,3.43295308391057
0.0,0.0,0.0,0.0,23.09734331237962,3.248186351404257,3.493470638558166
0.0,0.0,0.0,0.0,18.885038823340587,3.322960137610702,3.52495742092446
0.0,0.0,0.0,0.0,16.7278652042148,3.342244235289388,3.52495742092446
0.0,0.0,0.0,0.0,14.656418684456199,3.3616142254590766,3.52495742092446
0.0,0.0,0.0,0.0,12.894929589899306,3.378762031308547,3.52495742092446
0.0,0.0,0.0,0.0,11.020521327896574,3.3977113093643454,3.52495742092446
0.0,692.28,1117.19,0.0,9.506845345908516,3.177099780701627,3.177099780701627
1360.3,1821.89,1819.82,0.0,21.67116953215016,3.177099780701627,-0.00543525571284621
1711.13,1836.49,0.0,0.0,44.62687663319847,3.52495742092446,-1.0050147492625363
1773.08,0.0,0.0,0.0,86.8652328427576,3.52495742092446,1.4723679417121474
0.0,0.0,0.0,0.0,108.54325098039267,2.0003877026839867e-16,3.52495742092446
0.0,0.0,0.0,0.0,73.0700532537167,2.0003877026839867e-16,3.52495742092446
1321.91,629.13,0.0,0.0,21.650974702185067,3.52495742092446,3.328569283100518e-16
0.0,0.0,0.0,0.0,58.03615969777768,1.1839867581477204,3.52495742092446
0.0,0.0,0.0,0.0,41.75930776057648,2.7375742183825404,3.52495742092446
0.0,0.0,0.0,0.0,24.200938682568548,3.2240111264849003,3.4817135101065038
0.0,0.0,0.0,0.0,18.430401540269813,3.326950404951148,3.52495742092446
0.0,0.0,0.0,0.0,16.41387983442752,3.345125972569501,3.52495742092446
0.0,0.0,0.0,0.0,16.362311624315808,3.345601102801684,3.52495742092446
0.0,0.0,0.0,0.0,15.497223733732397,3.3536495842468668,3.52495742092446
0.0,0.0,0.0,0.0,12.1986118066595,3.3857158589299434,3.52495742092446
0.0,0.0,0.0,0.0,11.793280700885816,3.389810126210611,3.52495742092446
0.0,0.0,0.0,0.0,10.353139604108549,3.404636837729308,3.52495742092446
0.0,0.0,0.0,0.0,10.949773998723373,3.3984409758419867,3.52495742092446
0.0,0.0,0.0,0.0,12.566475891139504,3.382029652008504,3.52495742092446
429.62,1303.39,1532.25,1204.35,12.578322843998492,-0.00543525571284621,-0.00543525571284621
0.0,0.0,0.0,0.0,50.52791425923756,2.3374161173264647,3.52495742092446
0.0,0.0,0.0,0.0,33.82879737590877,2.985102215429854,3.460066431009539
0.0,0.0,0.0,0.0,25.645459560465795,3.191533085835821,3.4659228403510873
0.0,0.0,0.0,0.0,20.589125121500842,3.3012374883057225,3.5191471080202543
0.0,0.0,0.0,0.0,17.323530659790634,3.3368299192004733,3.52495742092446
0.0,0.0,0.0,0.0,12.825704983694806,3.3794488606456796,3.52495742092446
1268.09,1356.91,0.0,0.0,11.545240191480957,3.52495742092446,-1.0050147492625363
0.0,0.0,0.0,0.0,70.69915042361598,2.0003877026839867e-16,3.52495742092446
0.0,0.0,0.0,0.0,42.691129303022436,2.707160386122446,3.52495742092446
0.0,0.0,0.0,0.0,14.440472132427757,3.3636826262738557,3.52495742092446
0.0,0.0,0.0,0.0,8.531419704897317,3.4240296156469174,3.52495742092446
0.0,0.0,0.0,0.0,7.537989266759652,3.434911879776644,3.52495742092446
0.0,0.0,0.0,0.0,7.5563613347763265,3.434708632636744,3.52495742092446
0.0,0.0,0.0,0.0,8.442138028238901,3.4249986790065674,3.52495742092446
0.0,0.0,0.0,0.0,9.948866663839183,3.408878369465062,3.52495742092446
0.0,0.0,529.97,1530.05,9.714924960080438,3.328569283100518e-16,3.52495742092446
0.0,0.0,0.0,0.0,-38.051868214384186,3.5054196876807007,2.8571523627905813
0.0,0.0,0.0,0.0,-49.75963036022935,3.496918966805235,2.4158100963257794
0.0,0.0,0.0,0.0,-39.51281220185467,3.5201586559234723,2.807770710885869
0.0,0.0,0.0,0.0,-33.81889543138003,3.4599555824928347,2.9853809684180312
0.0,0.0,0.0,0.0,-33.11582822234554,3.4520339186787967,3.0049563910045967
0.0,0.0,991.55,715.87,-34.58403188310281,-0.9227297116832174,3.52495742092446
0.0,0.0,0.0,1358.41,-94.52329982376375,1.4723679417121474,3.52495742092446
0.0,0.0,0.0,0.0,51.63072653225404,2.2553825516461634,3.52495742092446
0.0,0.0,0.0,0.0,35.8613904693052,2.9259279210051594,3.482384727872566
0.0,0.0,0.0,0.0,28.144930683809946,3.1328804955225475,3.437581413411033
0.0,0.0,0.0,0.0,25.306429352797437,3.1992440308912156,3.469668834220641
0.0,0.0,0.0,0.0,22.92475188537327,3.2519194292737765,3.495284590354515
0.0,0.0,0.0,0.0,18.698275564584335,3.3245945869509854,3.52495742092446
557.89,619.68,0.0,0.0,14.99752596873978,3.52495742092446,3.328569283100518e-16
0.0,0.0,0.0,0.0,60.52417553039962,2.0003877026839867e-16,3.52495742092446
0.0,0.0,0.0,0.0,28.615040655705982,3.1214688171223095,3.432113206974902
0.0,0.0,0.0,0.0,18.52419306653512,3.32612400677984,3.52495742092446
0.0,0.0,0.0,0.0,17.60769957344432,3.334271121180804,3.52495742092446
0.0,0.0,0.0,0.0,16.758703213037123,3.3419622423301205,3.52495742092446
0.0,0.0,0.0,0.0,15.7960134055472,3.350853079272401,3.52495742092446
0.0,0.0,0.0,0.0,13.784131474421102,3.370026983213163,3.52495742092446
0.0,0.0,169.57,0.0,12.17833006046672,2.0003877026839867e-16,3.52495742092446
0.0,0.0,0.0,0.0,-35.29902391498135,3.476298010692794,2.942707414249093
0.0,0.0,0.0,0.0,-42.372861933287,3.5183113569076645,2.7228399857568135
0.0,0.0,0.0,0.0,-38.44188489698227,3.5094047241748734,2.844270658784683
0.0,0.0,0.0,0.0,-32.68601791639996,3.44714208644739,3.016719792837944
0.0,0.0,0.0,0.0,-27.43274653808487,3.445783909177835,3.149930454510354
0.0,0.0,0.0,0.0,-28.339342376320957,3.4353251996451335,3.128176703115962
0.0,728.24,1193.24,908.51,-31.074347026981314,-0.00543525571284621,3.177099780701627
0,0,0,0.0,-28.975268406467478,3.4278946488676967,3.1126369917548904
0,0,0,0.0,-31.507635830299154,3.4335442284130906,3.048227913107956
0,0,0,0.0,-30.167213652824607,3.417754729991223,3.0828464428346734
0,0,0,0.0,-30.306641748213686,3.419412692583493,3.0793024259175588
0,0,0,0.0,-30.72916171385411,3.424415048004327,3.068483585072509
0,0,0,0.0,-33.36614711875207,3.454865829828992,2.9980351547552115
0,0,0,0.0,-35.3509369642108,3.4768627592323478,2.9411721665378234
0,0,0,392.84,-36.009720295988274,1.4723679417121474,3.52495742092446
0.0,0.0,0.0,0.0,-0.6732073276476251,3.52495742092446,3.516354226834615
0.0,0.0,0.0,0.0,-4.9680675595575545,3.52495742092446,3.4640979363612567
0.0,0.0,0.0,0.0,-2.6524290363622347,3.52495742092446,3.491716560736104
0.0,0.0,0.0,0.0,0.6082248282852465,3.517179669472966,3.52495742092446
0.0,0.0,0.0,0.0,0.9228877802904902,3.5131925274553133,3.52495742092446
0.0,0.0,0.0,0.0,-2.7789712212972946,3.52495742092446,3.490174085313158
0.0,0.0,0.0,0.0,-0.9666302753277956,3.52495742092446,3.5126402269840926
0.0,0.0,0.0,0.0,-1.3904604445686033,3.52495742092446,3.5073136260497413
0.0,0.0,0.0,0.0,0.5959057078287016,3.517336273500647,3.52495742092446
0.0,0.0,0.0,0.0,1.303322493037808,3.5084050994307634,3.52495742092446
0.0,0.0,0.0,0.0,-1.8207055384437574,3.52495742092446,3.501952062775708
0.0,0.0,0.0,0.0,-2.036659535764106,3.52495742092446,3.49927815150209
0.0,0.0,0.0,0.0,-3.3851100333803688,3.52495742092446,3.4828393245821183
0.0,0.0,0.0,0.0,-1.4931601135136283,3.52495742092446,3.5060296519217395
310.82,456.15,0.0,0.0,-1.056351556466939,3.52495742092446,3.328569283100518e-16
942.2,148.63,0.0,0.0,41.59936456216362,3.52495742092446,3.328569283100518e-16
0.0,0.0,0.0,0.0,97.30192250096084,2.0003877026839867e-16,3.52495742092446
0.0,0.0,0.0,0.0,65.15051723016659,2.0003877026839867e-16,3.52495742092446
905.4,945.85,0.0,0.0,15.721207163035572,3.52495742092446,-0.3767640125792621
1292.72,535.49,0.0,0.0,54.23572857753044,3.52495742092446,3.328569283100518e-16
0.0,0.0,0.0,0.0,105.37148016163884,2.0003877026839867e-16,3.52495742092446
280.1,0.0,0.0,0.0,76.04569895021726,3.52495742092446,1.4723679417121474
0.0,0.0,0.0,0.0,96.92919317703097,2.0003877026839867e-16,3.52495742092446
598.33,0.0,0.0,0.0,59.253730818855765,3.52495742092446,1.4723679417121474
0.0,0.0,435.73,532.87,71.30499574836132,3.328569283100518e-16,3.52495742092446
1325.56,0.0,0.0,298.76,34.30961510714792,2.497280988731197,2.497280988731197
494.43,0.0,0.0,24.61,27.310291660185293,2.497280988731197,2.497280988731197
0.0,0.0,0.0,0.0,23.470498298111423,3.2400715994713214,3.489525681149645
0.0,0.0,0.0,0.0,22.29293589274665,3.2654785717591963,3.5018667209018446
0.0,0.0,0.0,0.0,21.728168117178207,3.2774597483956804,3.50767163088594
0.0,0.0,0.0,0.0,19.92862781818244,3.313947964368288,3.52495742092446
0.0,67.19,0.0,0.0,23.490777832922053,3.52495742092446,2.0003877026839867e-16
0.0,0.0,0.0,0.0,-13.669889683786707,3.52495742092446,3.371140193803795
0.0,0.0,0.0,0.0,-14.139868683273946,3.52495742092446,3.3665775258793866
0.0,0.0,0.0,0.0,-9.841894829643852,3.52495742092446,3.4100065753852924
0.0,0.0,0.0,0.0,-9.152294695287033,3.52495742092446,3.4173390947252695
0.0,0.0,0.0,0.0,-8.992259562161156,3.52495742092446,3.419055544731507
0.0,0.0,0.0,0.0,-8.244686294585854,3.52495742092446,3.427148072486916
0.0,0.0,0.0,0.0,-10.543143128695986,3.52495742092446,3.40265547155809
0.0,0.0,0.0,0.0,-6.763285433026137,3.52495742092446,3.4435513916395206
0.0,0.0,0.0,0.0,-5.259954347936552,3.52495742092446,3.4607065636494787
0.0,0.0,0.0,0.0,-5.481441886472416,3.52495742092446,3.458146372458982
0.0,0.0,0.0,0.0,-4.535158151226499,3.52495742092446,3.4691645157535618
0.0,0.0,0.0,0.0,-3.2105977605931284,3.52495742092446,3.484941979757278
0.0,0.0,0.0,0.0,-0.8021566662050488,3.52495742092446,3.514719388781902
441.85,521.13,0.0,0.0,-0.17401078313025736,3.52495742092446,3.328569283100518e-16
817.41,0.0,0.0,0.0,47.55443372745749,3.52495742092446,1.4723679417121474
0.0,0.0,0.0,0.0,89.6516351057252,2.0003877026839867e-16,3.52495742092446
227.61,0.0,0.0,0.0,53.833113065017635,3.52495742092446,1.4723679417121474
0.0,0.0,0.0,0.0,73.53979147524021,2.0003877026839867e-16,3.52495742092446
587.05,197.55,0.0,0.0,41.695861118734925,3.52495742092446,3.328569283100518e-16
181.9,0.0,0.0,0.0,72.4338000691431,3.52495742092446,1.4723679417121474
0.0,0.0,0.0,0.0,114.3432596208305,2.0003877026839867e-16,3.52495742092446
0.0,0.0,0.0,0.0,83.62350796888796,2.0003877026839867e-16,3.52495742092446
184.3,136.97,0.0,0.0,32.62340309481051,3.52495742092446,3.328569283100518e-16
406.59,0.0,0.0,0.0,63.897811998084876,3.52495742092446,1.4723679417121474
0.0,288.76,723.25,268.96,104.33843869689969,1.0093165304267695,3.177099780701627
0.0,248.62,1716.55,1778.15,82.67250335117136,-0.00543525571284621,3.177099780701627
0.0,0.0,1511.41,1799.56,57.454657616005846,-1.0050147492625363,3.52495742092446
0.0,574.14,0.0,0.0,2.6437657606127374,3.52495742092446,2.0003877026839867e-16
0.0,0.0,0.0,1011.27,28.316566405735788,1.4723679417121474,3.52495742092446
152.45,0.0,0.0,0.0,17.160769537810385,3.52495742092446,1.4723679417121474
0.0,0.0,0.0,675.27,38.4859874191149,1.4723679417121474,3.52495742092446
0.0,0.0,0.0,0.0,20.56923108148743,3.3016482969516403,3.5193447230152564
0.0,0.0,0.0,0.0,14.920360262386971,3.359098814422168,3.52495742092446
0.0,0.0,0.0,0.0,13.990435867426864,3.3680233993277144,3.52495742092446
0.0,0.0,0.0,0.0,13.061330594484367,3.3771150771011813,3.52495742092446
0.0,1648.85,0.0,0.0,14.992745467567431,3.52495742092446,2.0003877026839867e-16
0.0,0.0,0.0,0.0,11.348462406865103,3.394342860949201,3.52495742092446
0.0,0.0,0.0,0.0,6.156801946974987,3.4504098289505025,3.52495742092446
0.0,0.0,0.0,0.0,3.231744262734285,3.484686800774477,3.52495742092446
0.0,0.0,0.0,0.0,3.237077190957187,3.4846224642814767,3.52495742092446
0.0,0.0,0.0,0.0,2.8515198010503795,3.489291512875661,3.52495742092446
0.0,0.0,0.0,0.0,5.031460689556987,3.46335969536354,3.52495742092446
0.0,0.0,0.0,0.0,4.568678605298157,3.4687706355541423,3.52495742092446
0.0,0.0,0.0,0.0,4.324163612435985,3.4716498738674573,3.52495742092446
0.0,0.0,0.0,0.0,5.206271987802904,3.461328798176836,3.52495742092446
0.0,0.0,0.0,0.0,4.329237188732854,3.471589987663161,3.52495742092446
0.0,0.0,0.0,0.0,5.208434239095865,3.461303722468575,3.52495742092446
0.0,0.0,0.0,0.0,4.327077182416829,3.4716154826592645,3.52495742092446
0.0,1204.47,1166.33,527.04,3.9943519623458883,-0.00543525571284621,3.177099780701627
0.0,0.0,1801.39,1819.85,-35.273488540919246,-1.0050147492625363,3.52495742092446
0.0,0.0,1241.54,1706.58,-67.97733421690697,-1.0050147492625363,3.52495742092446
0.0,0.0,0.0,0.0,-136.72202340653854,3.1841290844608223,1.0280114201822038e-15
0.0,0.0,0.0,0.0,-109.24948385940705,3.2929369278885,6.69802134567994e-16
0.0,0.0,0.0,0.0,-63.97190051313778,3.4529814771057747,4.456649745063852e-16
0.0,0.0,1070.52,1761.91,-15.203971698474014,-1.0050147492625363,3.52495742092446
0.0,0.0,0.0,0.0,-45.67622012532873,3.508873867920618,2.609203879644231
0.0,0.0,0.0,0.0,-47.07610258947429,3.504810905354025,2.551406788912951
0.0,0.0,0.0,0.0,-33.85563451163152,3.4603667612838604,2.9843462781838435
0.0,0.0,0.0,0.0,-28.401474290178975,3.43460260677972,3.126668847891945
0.0,0.0,0.0,0.0,-26.718340445347934,3.453911416951995,3.166757143533363
0.0,0.0,0.0,0.0,-28.52141279640199,3.433205635331098,3.1237517888114428
0.0,0.0,0.0,0.0,-26.022583291258666,3.461727744693035,3.1828899163987088
0.0,0.0,0.0,0.0,-29.574043007950515,3.4208286513500985,3.0977830671624655
426.82,0.0,0.0,0.0,-28.463357006941322,3.52495742092446,1.4723679417121474
0.0,0.0,363.52,0.0,-5.3467534549193605,2.0003877026839867e-16,3.52495742092446
0.0,0,0.0,0.0,6.8904673017650495,3.4421237624411556,3.52495742092446
0.0,0,0.0,0.0,3.338704952653,3.483397733439589,3.52495742092446
0.0,0,0.0,0.0,2.4089487437746833,3.4946954022328525,3.52495742092446
0.0,0,0.0,0.0,1.654144932401664,3.5040222472661777,3.52495742092446
0.0,0,0.0,0.0,-0.40065769489682523,3.52495742092446,3.5198234321107438
0.0,0,0.0,0.0,-1.166100318284954,3.52495742092446,3.5101277508162196
0.0,0,0.0,0.0,-2.5740523466213183,3.52495742092446,3.492673878617357
0.0,0,0.0,0.0,-1.8771329630827935,3.52495742092446,3.501252278154909
0.0,0,0.0,0.0,-3.734901311350871,3.52495742092446,3.4786467676576778
0.0,0,0.0,0.0,-1.1990325556840098,3.52495742092446,3.5097139000723194
0.0,0,0.0,0.0,-3.080969495188395,3.52495742092446,3.4865085839119563
0.0,0,39.45,0.0,-5.352144011284835,2.0003877026839867e-16,3.52495742092446
0.0,0,0.0,1134.99,-50.171425073192104,1.4723679417121474,3.52495742092446
0.0,0,0.0,0.0,-86.42230384184238,3.3770495099610045,5.328492697655839e-16
0.0,0,0.0,0.0,-50.11685571378908,3.4958583043968763,2.394454116810276
0.0,0,0.0,0.0,-32.369999192248486,3.4435219847411993,3.025274250137693
0.0,0,0.0,0.0,-28.58989367255844,3.4324067801527383,3.122082491221189
0.0,0,0.0,0.0,-26.556375310674177,3.4557397844467728,3.17053473149944
0.0,0,0.0,0.0,-23.682258617913586,3.4872730604494784,3.235439765403647
0.0,0,0.0,0.0,-23.396402048111675,3.4903115159715346,3.2416876977805194
0.0,0,0.0,0.0,-22.46238251371339,3.5001105130835257,3.261858446814182
0.0,0,0.0,0.0,-22.7981544462089,3.496610819520531,3.2546496586624585
60.0,0,0.0,0.0,-29.459102758248285,3.52495742092446,1.4723679417121474
0.0,0,745.54,0.0,-9.879521962596995,2.0003877026839867e-16,3.52495742092446
0.0,0.0,0.0,0.0,64.53381588528843,2.0003877026839867e-16,3.52495742092446
0.0,0.0,0.0,0.0,20.746095448177208,3.2979907476959855,3.517584440448141
0.0,0.0,0.0,0.0,10.360733385906528,3.40455750123192,3.52495742092446
0.0,0.0,0.0,0.0,8.123155907662394,3.4284753020258196,3.52495742092446
0.0,0.0,0.0,0.0,7.471244324323749,3.435650904412924,3.52495742092446
0.0,0.0,0.0,0.0,7.0562399170483445,3.4402684436889133,3.52495742092446
0.0,0.0,0.0,0.0,6.411503564378862,3.4475193119436063,3.52495742092446
0.0,0.0,1754.6,660.31,4.055855570220075,-1.0050147492625363,3.52495742092446
0.0,0.0,545.37,1496.19,-27.17601772547674,3.328569283100518e-16,3.52495742092446
0.0,0.0,0.0,0.0,-78.92695395994852,3.4032146291031458,5.053899914725222e-16
0.0,0.0,0.0,293.11,-45.13441836711557,1.4723679417121474,3.52495742092446
0.0,0.0,0.0,0.0,-67.42491454024167,3.441795471637127,4.556940942289874e-16
0.0,0.0,0.0,0.0,-30.614313719994612,3.4230585982789012,3.071436235802097
0.0,0.0,0.0,495.32,-20.803582463176156,1.4723679417121474,3.52495742092446
0.0,0.0,0.0,0.0,-44.79323460678843,3.511417292523496,2.6423284070109987
0.0,0.0,0.0,45.65,-40.253170628331446,1.4723679417121474,3.52495742092446
0.0,0.0,0.0,0.0,-62.379196554775305,3.4580762731969106,4.2819749785429306e-16
0.0,0.0,0.0,201.2,-24.632798343590167,1.4723679417121474,3.52495742092446
0.0,0.0,0.0,0.0,-41.171762490757615,3.5216895784942595,2.758298375326303
251.46,0.0,0.0,76.79,-38.29054786432684,2.497280988731197,2.497280988731197
701.33,57.55,0.0,262.71,-37.860104430965904,2.497280988731197,1.0093165304267695
586.85,0.0,314.23,813.58,-21.675350021192912,1.0093165304267695,2.497280988731197
1038.27,478.89,0.0,791.0,-37.757747544947605,2.497280988731197,1.0093165304267695
1081.64,63.6,734.6,1245.16,-27.93189179686226,1.0093165304267695,1.0093165304267695
1048.38,0.0,1086.28,1495.47,-23.933731983365618,0.23098130841108025,2.497280988731197
1564.27,1346.26,0.0,1031.14,-51.11511705051632,2.497280988731197,0.23098130841108025
1606.06,840.66,1232.5,1654.24,-30.277458017658816,-0.00543525571284621,1.0093165304267695
1732.79,1283.4,0.0,1650.1,-38.88557673847602,2.497280988731197,0.23098130841108025
1696.62,1123.66,0.0,1711.31,-34.0675326646996,2.497280988731197,0.23098130841108025
1684.62,1088.86,0.0,1722.67,-33.460289185143026,2.497280988731197,0.23098130841108025
1683.03,1088.51,0.0,1724.38,-33.45404937252158,2.497280988731197,0.23098130841108025
1697.68,1129.17,0.0,1714.77,-34.188695912862585,2.497280988731197,0.23098130841108025
1672.31,1066.35,0.0,1730.53,-33.11378509228106,2.497280988731197,0.23098130841108025
1639.36,940.08,0.0,1752.18,-31.501583622696828,2.497280988731197,0.7909173191591091
1550.64,696.95,0.0,1766.88,-26.294747451218228,2.497280988731197,1.0093165304267695
1354.51,0.0,0.0,1846.98,-17.78315342113578,2.497280988731197,2.497280988731197
1185.48,0.0,0.0,1845.72,-11.517390374296326,2.497280988731197,2.497280988731197
1289.79,0.0,0.0,1846.51,-14.584641167825012,2.497280988731197,2.497280988731197
1220.64,0.0,0.0,801.94,-12.21740039874615,2.497280988731197,2.497280988731197
1205.47,0.0,0.0,186.11,-12.818789906500257,2.497280988731197,2.497280988731197
1224.28,0.0,0.0,0.0,-12.57393486645661,3.52495742092446,1.4723679417121474
882.95,0.0,0.0,360.76,-5.393123750848531,2.497280988731197,2.497280988731197
445.79,0.0,0.0,0.0,-1.7513090174023205,3.52495742092446,1.4723679417121474
0.0,0.0,0.0,1054.87,29.900055855307464,1.4723679417121474,3.52495742092446
0.0,0.0,0.0,0.0,8.040599329592034,3.4293787685774775,3.52495742092446
0.0,0.0,0.0,0.0,3.0678219117724552,3.486667703528691,3.52495742092446
0.0,0.0,0.0,0.0,2.2940812344260593,3.4961057611755058,3.52495742092446
0.0,0.0,0.0,0.0,0.41982859828156904,3.5195787980624598,3.52495742092446
0.0,0.0,0.0,0.0,1.7462325115908612,3.502876842279547,3.52495742092446
0.0,0.0,0.0,0.0,0.016389334163534386,3.5247466094914963,3.52495742092446
0.0,0.0,0.0,0.0,1.2659967810302533,3.508873212172865,3.52495742092446
0.0,0.0,0.0,0.0,2.0260857760326303,3.499408807107477,3.52495742092446
124.38,306.79,0.0,0.0,1.224354762084971,3.52495742092446,3.328569283100518e-16
794.23,0.0,0.0,0.0,46.68144532590205,3.52495742092446,1.4723679417121474
0.0,0.0,0.0,0.0,83.94696935582495,2.0003877026839867e-16,3.52495742092446
795.98,379.97,0.0,0.0,48.7848201558963,3.52495742092446,3.328569283100518e-16
31.34,0.0,0.0,0.0,85.08202159572073,3.52495742092446,1.4723679417121474
0.0,0.0,0.0,0.0,122.5549162521886,2.0003877026839867e-16,3.52495742092446
0.0,0.0,0.0,0.0,88.8128327623739,2.0003877026839867e-16,3.52495742092446
217.18,176.29,0.0,0.0,39.13102705425245,3.52495742092446,3.328569283100518e-16
338.7,0.0,0.0,0.0,78.58139238006693,3.52495742092446,1.4723679417121474
0.0,0.0,0.0,0.0,118.34150905114706,2.0003877026839867e-16,3.52495742092446
11.47,0.0,0.0,0.0,81.89610240317158,3.52495742092446,1.4723679417121474
0.0,0.0,0.0,0.0,102.36705180966595,2.0003877026839867e-16,3.52495742092446
583.6,375.96,0.0,0.0,68.0458872202075,3.52495742092446,3.328569283100518e-16
353.82,0.0,0.0,0.0,105.40791457542228,3.52495742092446,1.4723679417121474
0.0,0.0,0.0,0.0,144.1842006092353,2.0003877026839867e-16,3.52495742092446
0.0,0.0,0.0,0.0,110.27564388333175,2.0003877026839867e-16,3.52495742092446
510.52,588.79,0.0,0.0,61.46884901321314,3.52495742092446,3.328569283100518e-16
1058.72,381.46,0.0,0.0,96.8146957889188,3.52495742092446,3.328569283100518e-16
0.0,0.0,0.0,0.0,153.06773390913386,2.0003877026839867e-16,3.52495742092446
0.0,0.0,0.0,0.0,120.13012895790982,2.0003877026839867e-16,3.52495742092446
1074.86,0.0,0.0,0.0,71.30752283480334,3.52495742092446,1.4723679417121474
0.0,0.0,0.0,0.0,95.60501509830071,2.0003877026839867e-16,3.52495742092446
248.18,0.0,0.0,0.0,58.10201059111881,3.52495742092446,1.4723679417121474
0.0,0.0,0.0,0.0,75.35055546715219,2.0003877026839867e-16,3.52495742092446
0.0,0.0,0.0,0.0,37.9643995114253,2.8600129145809396,3.504521025097062
0.0,0.0,0.0,0.0,25.646824931532763,3.191501919206081,3.4659077054432994
0.0,0.0,0.0,0.0,23.27780785601516,3.2442693913923004,3.4915667083613786
0.0,0.0,0.0,0.0,21.710078534216933,3.2778413754747437,3.5078563179191518
0.0,0.0,0.0,0.0,21.977607009586677,3.2721840285001504,3.505117057470571
0.0,0.0,0.0,0.0,20.632264895717356,3.3003461378518253,3.5187182487633892
0.0,0.0,0.0,0.0,20.715659846005906,3.2986210118180566,3.5178879062229047
724.51,782.51,0.0,0.0,23.058486644399096,3.52495742092446,3.328569283100518e-16
0.0,0.0,0.0,0.0,63.87269419348307,2.0003877026839867e-16,3.52495742092446
0.0,0.0,0.0,0.0,24.930467993879077,3.2077307580315204,3.473794486349248
0.0,0.0,0.0,0.0,11.981340290740803,3.3879062625390444,3.52495742092446
0.0,0.0,0.0,0.0,9.62037976402118,3.412350699719617,3.52495742092446
0.0,0.0,0.0,0.0,7.864807843199387,3.4313076086035164,3.52495742092446
0.0,0.0,0.0,0.0,8.131476866067544,3.42838432466945,3.52495742092446
0.0,0.0,0.0,0.0,9.265481373102261,3.4161284913110217,3.52495742092446
0.0,0.0,1232.19,0.0,5.993934963750732,2.0003877026839867e-16,3.52495742092446
0.0,0.0,1094.12,1698.56,-20.06738873736714,-1.0050147492625363,3.52495742092446
0.0,0.0,0.0,0.0,-70.28999156261865,3.4323716266235498,4.679684192292161e-16
0.0,0.0,0.0,907.32,-39.43762833870056,1.4723679417121474,3.52495742092446
0.0,0.0,0.0,0.0,-53.253680968308984,3.486444536016671,2.1520163743582623
0.0,0.0,0.0,0.0,-44.53858911516345,3.512147995863993,2.651466601691927
0.0,0.0,0.0,289.21,-33.2416701631998,1.4723679417121474,3.52495742092446
0.0,0.0,0.0,0.0,-54.60844156533106,3.4823241423198876,1.9985722115282898
0.0,0.0,0.0,0.0,-42.821340752019196,3.5170426146048395,2.70890565413525
0.0,0.0,0.0,42.5,-30.98079391921577,1.4723679417121474,3.52495742092446
0.0,0.0,0.0,0.0,-54.41026572303463,3.482928910641412,2.023808489539358
301.26,0.0,0.0,0.0,-44.22437920114781,3.52495742092446,1.4723679417121474
0.0,0.0,35.19,426.89,-15.523117559315864,3.328569283100518e-16,3.52495742092446
705.59,457.58,0.0,0.0,-48.75646406524294,3.52495742092446,3.328569283100518e-16
478.39,0.0,361.92,746.8,-20.94585162228971,1.0093165304267695,2.497280988731197
816.67,0.0,174.47,940.33,-29.7181098146998,1.0093165304267695,2.497280988731197
1356.25,1112.96,0.0,424.7,-51.1785694362098,2.497280988731197,0.23098130841108025
1399.48,494.54,662.37,1167.12,-27.886490013776196,1.0093165304267695,1.0093165304267695
1301.38,215.03,1062.47,1443.44,-22.444364377051144,-0.00543525571284621,1.0093165304267695
1536.32,990.47,697.34,1385.5,-35.30782528739279,1.0093165304267695,0.06600708628548516
1371.52,259.82,1271.61,1600.35,-23.474961846980165,-0.00543525571284621,1.0093165304267695
1562.69,979.16,0.0,1503.1,-32.6646451819076,2.497280988731197,0.4185767445551116
1231.63,0.0,1677.22,1847.09,-15.45630390240052,0.23098130841108025,2.497280988731197
1368.73,30.13,1599.76,1827.7,-17.266759023324724,-0.00543525571284621,1.0093165304267695
1456.3,376.85,0.0,1798.9,-21.189642043921125,2.497280988731197,1.0093165304267695
1336.04,0.0,1668.72,1848.74,-18.28890620627827,0.23098130841108025,2.497280988731197
1307.28,0.0,0.0,1844.22,-15.305389835589011,2.497280988731197,2.497280988731197
1294.1,0.0,0.0,1848.27,-14.750929414238968,2.497280988731197,2.497280988731197
1230.7,0.0,0.0,1847.37,-12.167157240689988,2.497280988731197,2.497280988731197
909.34,0.0,0.0,1829.17,-5.841848472228165,2.497280988731197,2.497280988731197
0.0,0.0,1843.98,1800.06,8.67402898084908,-1.0050147492625363,3.52495742092446
848.45,0.0,0.0,1837.71,-1.664391604750847,2.497280988731197,2.497280988731197
1204.37,0.0,0.0,1850.48,-12.155426756075585,2.497280988731197,2.497280988731197
1194.2,0.0,0.0,744.36,-11.691466377697665,2.497280988731197,2.497280988731197
1188.85,0.0,0.0,0.0,-11.739151804642006,3.52495742092446,1.4723679417121474
622.07,0.0,0.0,1852.41,-2.7342187576115293,2.497280988731197,2.497280988731197
403.97,0.0,0.0,1144.09,1.3014420302070704,2.497280988731197,2.497280988731197
0.0,0.0,0.0,1192.08,22.605465746605482,1.4723679417121474,3.52495742092446
0.0,0.0,0.0,0.0,12.192699673136744,3.385775331399557,3.52495742092446
0.0,0.0,0.0,0.0,6.985816888389614,3.4410558557570403,3.52495742092446
0.0,0.0,0.0,0.0,4.970143526571185,3.464073745939633,3.52495742092446
0.0,0.0,0.0,0.0,2.458438740902352,3.494088750594767,3.52495742092446
0.0,0.0,0.0,0.0,1.6376719865424292,3.5042273623773865,3.52495742092446
0.0,0.0,0.0,0.0,1.806911466959221,3.502123249360933,3.52495742092446
0.0,0.0,0.0,0.0,4.802213428281377,3.4660338264066475,3.52495742092446
0.0,0.0,0.0,0.0,4.085898951753691,3.4744691002968597,3.52495742092446
0.0,0.0,0.0,0.0,0.7725496835664387,3.5150943806902095,3.52495742092446
0.0,67.95,0.0,0.0,-0.6481761740609926,3.52495742092446,2.0003877026839867e-16
684.89,186.6,0.0,0.0,35.854944177142706,3.52495742092446,3.328569283100518e-16
0.0,0.0,0.0,0.0,83.31712563243738,2.0003877026839867e-16,3.52495742092446
460.44,0.0,0.0,0.0,54.72536693276203,3.52495742092446,1.4723679417121474
507.02,0.0,0.0,0.0,66.25462353370355,3.52495742092446,1.4723679417121474
0.0,0.0,0.0,0.0,98.11032606613593,2.0003877026839867e-16,3.52495742092446
318.1,0.0,0.0,0.0,68.27297711520556,3.52495742092446,1.4723679417121474
6.38,0.0,0.0,0.0,85.34169822689599,3.52495742092446,1.4723679417121474
0.0,0.0,0.0,0.0,118.04304559263221,2.0003877026839867e-16,3.52495742092446
0.0,0.0,0.0,0.0,89.4112790421597,2.0003877026839867e-16,3.52495742092446
322.6,288.88,0.0,0.0,46.28541273130046,3.52495742092446,3.328569283100518e-16
694.24,0.0,0.0,0.0,75.14815553211577,3.52495742092446,1.4723679417121474
0.0,0.0,0.0,0.0,108.65663829882644,2.0003877026839867e-16,3.52495742092446
865.95,514.77,0.0,0.0,75.77779434273114,3.52495742092446,3.328569283100518e-16
525.92,0.0,0.0,0.0,108.13015016049371,3.52495742092446,1.4723679417121474
0.0,0.0,0.0,0.0,143.43294707842804,2.0003877026839867e-16,3.52495742092446
0.0,0.0,0.0,0.0,115.06405866052529,2.0003877026839867e-16,3.52495742092446
546.38,519.92,0.0,0.0,68.52709595827416,3.52495742092446,3.328569283100518e-16
863.79,10.66,0.0,0.0,98.74967240471621,3.52495742092446,3.328569283100518e-16
0.0,0.0,0.0,0.0,151.2622629679605,2.0003877026839867e-16,3.52495742092446
0.0,0.0,0.0,0.0,124.59707326541974,2.0003877026839867e-16,3.52495742092446
832.8,0.0,0.0,0.0,77.2575250743337,3.52495742092446,1.4723679417121474
0.0,0.0,0.0,0.0,96.64906512041946,2.0003877026839867e-16,3.52495742092446
141.46,0.0,0.0,0.0,68.11813889083845,3.52495742092446,1.4723679417121474
0.0,0.0,0.0,0.0,84.69555232930489,2.0003877026839867e-16,3.52495742092446
0.0,0.0,0.0,0.0,49.090103756181676,2.4282296262220373,3.52495742092446
0.0,0.0,0.0,0.0,30.886140703774444,3.0644331856906644,3.4262651220826785
0.0,0.0,0.0,0.0,26.059708808515964,3.1820352471516666,3.461313170311861
0.0,0.0,0.0,0.0,23.04817652463352,3.249251097435966,3.4939880765008575
0.0,0.0,0.0,0.0,22.964634382403943,3.2510579115040206,3.4948660244135765
0.0,0.0,0.0,0.0,25.26843850849852,3.2001046579521026,3.4700870928190817
0.0,0.0,0.0,0.0,27.118162939003497,3.1573733495322367,3.449375346076241
0.0,0.0,0.0,0.0,29.9298432633598,3.0888507627526516,3.4165985074042
534.17,550.27,0.0,0.0,30.063439572661963,3.52495742092446,3.328569283100518e-16
0.0,0.0,0.0,0,35.96099612887569,2.922921191343477,3.4834556035185864
0.0,0.0,0.0,0,29.620746326746488,3.0966151589271043,3.4202747180325592
0.0,0.0,0.0,0,24.637626644758875,3.2142952737859187,3.476987094629759
0.0,0.0,0.0,0,20.73199342487051,3.298282818475119,3.517725076494345
0.0,0.0,0.0,0,18.225778993043356,3.328759140845947,3.52495742092446
0.0,0.0,0.0,0,17.19106847762071,3.3380279962048793,3.52495742092446
0.0,0.0,0.0,0,14.882765310139284,3.359456249725119,3.52495742092446
0.0,0.0,0.0,0,11.644212428144364,3.391324513656744,3.52495742092446
0.0,0.0,0.0,0,9.21978631692528,3.416616892744844,3.52495742092446
0.0,0.0,0.0,0,8.419436184028925,3.42524536531755,3.52495742092446
0.0,0.0,0.0,0,8.665912628497033,3.4225731455086446,3.52495742092446
0.0,0.0,0.0,0,5.116515132608072,3.4623706724418013,3.52495742092446
0.0,0.0,0.0,0,4.608062799528575,3.4683081915753973,3.52495742092446
0.0,0.0,0.0,0,3.711253824920931,3.478929281449327,3.52495742092446
0.0,0.0,0.0,0,3.366502764735273,3.4830631703615054,3.52495742092446
0.0,0.0,0.0,0,2.844471198175178,3.4893772050189416,3.52495742092446
0.0,0.0,0.0,0,1.646368181222634,3.504119072168479,3.52495742092446
0.0,0.0,0.0,0,2.0909716945457077,3.498607471334397,3.52495742092446
0.0,0.0,0.0,0,0.1910845585803358,3.522503799685455,3.52495742092446
0.0,0.0,0.0,0,0.2510875776134469,3.521735244652702,3.52495742092446
0.0,0.0,0.0,0,0.8409380282935146,3.514228530298841,3.52495742092446
1059.09,1173.54,35.38,0,0.454650178557479,3.177099780701627,-0.00543525571284621
1711.6,1411.86,0.0,0,30.756161445984812,3.52495742092446,-1.0050147492625363
495.96,0.0,0.0,0,81.14816278189426,3.52495742092446,1.4723679417121474
0.0,0.0,0.0,0,116.58505240469168,2.0003877026839867e-16,3.52495742092446
0.0,0.0,0.0,0,85.92459689112016,2.0003877026839867e-16,3.52495742092446
722.33,363.23,0.0,0,45.28154696789057,3.52495742092446,3.328569283100518e-16
814.41,0.0,0.0,0,56.4537821970724,3.52495742092446,1.4723679417121474
0.0,0.0,0.0,0,89.15416916133665,2.0003877026839867e-16,3.52495742092446
810.54,298.78,0.0,0,60.18446354698088,3.52495742092446,3.328569283100518e-16
286.35,0.0,0.0,0,87.19776066515591,3.52495742092446,1.4723679417121474
0.0,0.0,0.0,0,122.68263975228211,2.0003877026839867e-16,3.52495742092446
0.0,0.0,0.0,0,92.5238158132817,2.0003877026839867e-16,3.52495742092446
588.99,565.97,0.0,0,45.821046603569656,3.52495742092446,3.328569283100518e-16
977.38,383.99,0.0,0,71.30060046088428,3.52495742092446,3.328569283100518e-16
0.0,0.0,0.0,0,124.66744859829087,2.0003877026839867e-16,3.52495742092446
368.46,0.0,0.0,0,96.96317558463768,3.52495742092446,1.4723679417121474
0.0,0.0,0.0,0,113.15206345561066,2.0003877026839867e-16,3.52495742092446
765.11,373.89,0.0,0,83.82000707467378,3.52495742092446,3.328569283100518e-16
348.97,0.0,0.0,0,112.87673334806595,3.52495742092446,1.4723679417121474
0.0,0.0,0.0,0,148.35017261945808,2.0003877026839867e-16,3.52495742092446
0.0,0.0,0.0,0,119.1242476985476,2.0003877026839867e-16,3.52495742092446
518.49,447.0,0.0,0,75.47513481601105,3.52495742092446,3.328569283100518e-16
701.89,0.0,0.0,0,109.31761747167154,3.52495742092446,1.4723679417121474
0.0,0.0,0.0,0,144.0198100165158,2.0003877026839867e-16,3.52495742092446
550.79,0.0,0.0,0,109.38561440636529,3.52495742092446,1.4723679417121474
536.19,0.0,0.0,0,125.419133451817,3.52495742092446,1.4723679417121474
0.0,0.0,0.0,0,155.88438121489727,2.0003877026839867e-16,3.52495742092446
331.41,0.0,0.0,0,122.22955588143917,3.52495742092446,1.4723679417121474
65.29,0.0,0.0,0,136.97875604830998,3.52495742092446,1.4723679417121474
0.0,0.0,0.0,0,168.32892674353252,2.0003877026839867e-16,3.52495742092446
0.0,0.0,0.0,0,131.998437374094,2.0003877026839867e-16,3.52495742092446
542.24,623.77,0.0,0,86.33597706842204,3.52495742092446,3.328569283100518e-16
1162.79,0.0,0.0,0,118.46075534187602,3.52495742092446,1.4723679417121474
0.0,0.0,0.0,0,155.43681236860223,2.0003877026839867e-16,3.52495742092446
0.0,0.0,0.0,0,124.23289934521259,2.0003877026839867e-16,3.52495742092446
1264.51,0.0,0.0,0,73.9702605049118,3.52495742092446,1.4723679417121474
0.0,0.0,0.0,0,90.74559744838079,2.0003877026839867e-16,3.52495742092446
1020.37,0.0,0.0,0,59.233141702939875,3.52495742092446,1.4723679417121474
0.0,0.0,0.0,0,77.27620843540538,2.0003877026839867e-16,3.52495742092446
0.0,0.0,0.0,0,46.04306195993628,2.57997775877199,3.52495742092446
0.0,0.0,0.0,0,27.40639667818482,3.1505559242835113,3.4460854839478117
0.0,0.0,0.0,0,21.904380908945797,3.273735390109837,3.5058685120709705
0.0,0.0,0.0,0,19.727809462169347,3.3156663409935248,3.52495742092446
0.0,0.0,0.0,0,18.75199922932123,3.3241237512041284,3.52495742092446
0.0,0.0,0.0,0,16.990236079853617,3.339850932905988,3.52495742092446
0.0,0.0,0.0,0,16.848916601818843,3.3411383632631466,3.52495742092446
0.0,0.0,0.0,0,16.271978035065786,3.346434657062319,3.52495742092446
0.0,0.0,0.0,0,16.7127006281151,3.3423829730791943,3.52495742092446
0.0,0.0,0.0,0,17.468429870394715,3.335523231345244,3.52495742092446
0.0,0.0,0.0,0,20.163183861743647,3.3100001480684194,3.5233566823826417
0.0,0.0,0.0,0,21.851911071181178,3.274845678103389,3.506406184818954
531.36,818.81,0.0,0,-334.42511140041387,3.52495742092446,3.328569283100518e-16
0.0,0.0,0.0,0,61.407580022767895,2.0003877026839867e-16,3.52495742092446
0.0,0.0,0.0,0,24.800750728397503,3.2106434967787725,3.4752109592568616
0.0,0.0,0.0,0,12.084396854628928,3.386866079940914,3.52495742092446
0.0,0.0,0.0,0,8.29918340161261,3.4265539738100816,3.52495742092446
0.0,0.0,0.0,0,4.227885339414996,3.4727874524196976,3.52495742092446
0.0,0.0,0.0,0,3.1037936871051244,3.4862324514735317,3.52495742092446
0.0,0.0,0.0,0,3.341880622263986,3.483359502989802,3.52495742092446
0.0,0.0,0.0,0,4.181370262124943,3.4733378382479994,3.52495742092446
0.0,198.65,0.0,0,3.1676705920170747,3.52495742092446,2.0003877026839867e-16
1820.26,1272.91,0.0,0,36.67369165235177,3.52495742092446,-1.0050147492625363
0.0,0.0,0.0,0,80.13033962369667,2.0003877026839867e-16,3.52495742092446
0.0,0.0,0.0,0,60.03962075725657,2.0003877026839867e-16,3.52495742092446
1666.48,0.0,0.0,0,16.57101531117125,3.52495742092446,1.4723679417121474
1835.73,0.0,0.0,0,11.956793239035179,3.52495742092446,1.4723679417121474
0.0,0.0,0.0,0,11.567856132861493,3.3921020245191658,3.52495742092446
4.73,0.0,0.0,0,-3.2227986996219045,3.52495742092446,1.4723679417121474
0.0,0.0,0.0,0,16.222733419376738,3.34688973552677,3.52495742092446
0.0,0.0,0.0,0,20.986641817507945,3.2929968840293964,3.5151780270974924
0.0,0.0,0.0,0,20.722732678389235,3.2984745785848464,3.517817405084869
0.0,0.0,0.0,0,19.80090746451178,3.3150399807063495,3.52495742092446
0.0,0.0,0.0,0,17.1153336382136,3.338714517014605,3.52495742092446
0.0,0.0,0.0,0,14.98999984949819,3.358437459602024,3.52495742092446
279.54,724.41,296.79,0,14.243926736685765,3.177099780701627,1.0093165304267695
1634.99,1643.01,203.85,0,38.79094235818811,3.177099780701627,-0.00543525571284621
1817.1,1554.17,0.0,0,63.76217385752348,3.52495742092446,-1.0050147492625363
1143.2,0.0,0.0,0,102.08272860948016,3.52495742092446,1.4723679417121474
0.0,0.0,0.0,0,141.41494595000177,2.0003877026839867e-16,3.52495742092446
0.0,0.0,0.0,0,111.41893993997684,2.0003877026839867e-16,3.52495742092446
964.9,828.43,0.0,0,68.02361529314169,3.52495742092446,3.328569283100518e-16
1200.53,519.33,0.0,0,89.27041421871353,3.52495742092446,3.328569283100518e-16
0.0,0.0,0.0,0,139.86372236250944,2.0003877026839867e-16,3.52495742092446
404.11,0.0,0.0,0,111.50639354379503,3.52495742092446,1.4723679417121474
0.0,0.0,0.0,0,130.60424053858335,2.0003877026839867e-16,3.52495742092446
663.1,160.04,0.0,0,98.02953651561947,3.52495742092446,3.328569283100518e-16
86.16,0.0,0.0,0,127.03279927127564,3.52495742092446,1.4723679417121474
0.0,0.0,0.0,0,161.02894073847887,2.0003877026839867e-16,3.52495742092446
0.0,0.0,0.0,0,130.76305376375802,2.0003877026839867e-16,3.52495742092446
168.95,0.0,0.0,0,101.0377222867723,3.52495742092446,1.4723679417121474
591.52,0.0,0.0,0,108.39974798785815,3.52495742092446,1.4723679417121474
0.0,0.0,0.0,0,139.71746443814055,2.0003877026839867e-16,3.52495742092446
829.66,443.94,0.0,0,110.97681799538557,3.52495742092446,3.328569283100518e-16
532.95,0.0,0.0,0,137.50380122010313,3.52495742092446,1.4723679417121474
0.0,0.0,0.0,0,169.77579045217325,2.0003877026839867e-16,3.52495742092446
0.0,0.0,0.0,0,144.15743437927475,2.0003877026839867e-16,3.52495742092446
443.13,259.39,0.0,0,104.57215428070859,3.52495742092446,3.328569283100518e-16
527.01,0.0,0.0,0,130.86605744499892,3.52495742092446,1.4723679417121474
0.0,0.0,0.0,0,159.17680278025935,2.0003877026839867e-16,3.52495742092446
308.52,0.0,0.0,0,134.80933593990326,3.52495742092446,1.4723679417121474
206.34,0.0,0.0,0,141.9295571067716,3.52495742092446,1.4723679417121474
0.0,0.0,0.0,0,168.37095156164503,2.0003877026839867e-16,3.52495742092446
0.0,0.0,0.0,0,145.394349700338,2.0003877026839867e-16,3.52495742092446
555.84,476.41,0.0,0,106.60514041625004,3.52495742092446,3.328569283100518e-16
877.19,248.47,0.0,0,126.19734630489276,3.52495742092446,3.328569283100518e-16
0.0,0.0,0.0,0,167.82217333470822,2.0003877026839867e-16,3.52495742092446
293.18,0.0,0.0,0,147.76118707622294,3.52495742092446,1.4723679417121474
0.0,0.0,0.0,0,156.3678088944354,2.0003877026839867e-16,3.52495742092446
732.06,235.11,0.0,0,130.99318957967301,3.52495742092446,3.328569283100518e-16
290.63,0.0,0.0,0,156.5749988270395,3.52495742092446,1.4723679417121474
0.0,0.0,0.0,0,186.72334106533742,2.0003877026839867e-16,3.52495742092446
0.0,0.0,0.0,0,158.53599662086788,2.0003877026839867e-16,3.52495742092446
510.96,482.52,0.0,0,108.98524210761752,3.52495742092446,3.328569283100518e-16
880.73,151.83,0.0,0,135.82440788237864,3.52495742092446,3.328569283100518e-16
0.0,0.0,0.0,0,182.91634544665095,2.0003877026839867e-16,3.52495742092446
143.02,0.0,0.0,0,155.57857856242413,3.52495742092446,1.4723679417121474
0.0,0.0,0.0,0,165.74668188900924,2.0003877026839867e-16,3.52495742092446
442.3,0.0,0.0,0,139.0046396314639,3.52495742092446,1.4723679417121474
518.52,0.0,0.0,0,150.28464558350615,3.52495742092446,1.4723679417121474
0.0,0.0,0.0,0,177.23341745288815,2.0003877026839867e-16,3.52495742092446
546.46,0.0,0.0,0,144.24443431922046,3.52495742092446,1.4723679417121474
0.0,0.0,0.0,0,153.8596664975444,2.0003877026839867e-16,3.52495742092446
0.0,0.0,0.0,0,116.99428281980076,2.0003877026839867e-16,3.52495742092446
1316.58,1272.65,0.0,0,69.72585642698252,3.52495742092446,-1.0050147492625363
1583.63,0.0,0.0,0,82.12464178261695,3.52495742092446,1.4723679417121474
615.79,0.0,0.0,0,95.44587330072858,3.52495742092446,1.4723679417121474
0.0,0.0,0.0,0,122.69012919798845,2.0003877026839867e-16,3.52495742092446
0.0,0.0,0.0,0,90.86193964729763,2.0003877026839867e-16,3.52495742092446
0.0,0.0,0.0,0,43.32341676381513,2.6854573839469094,3.52495742092446
0.0,0.0,0.0,0,28.650377380481018,3.120605851057116,3.4317004725836258
0.0,0.0,0.0,0,23.962719873041493,3.229274913777595,3.4842742682737997
0.0,0.0,0.0,0,21.66937350461697,3.278699630026049,3.50827161459129
0.0,0.0,0.0,0,18.228707839493353,3.3287331954370565,3.52495742092446
0.0,0.0,0.0,0,15.256519403333101,3.3559153036852694,3.52495742092446
0.0,0.0,0.0,0,12.46969998305525,3.3829966803269387,3.52495742092446
0.0,0.0,0.0,0,10.668101852088483,3.401356598876971,3.52495742092446
0.0,0.0,0.0,0,8.252957941845466,3.427057857036678,3.52495742092446
0.0,0.0,0.0,0,6.842013432964791,3.4426672297947714,3.52495742092446
0.0,0.0,0.0,0,4.331182191786496,3.471567031337594,3.52495742092446
0.0,0.0,0.0,0,5.30921880353273,3.460136126989693,3.52495742092446
0.0,0.0,0.0,0,4.297731626323724,3.471961963482659,3.52495742092446
0.0,0.0,0.0,0,4.276368348060203,3.472214326158386,3.52495742092446
0.0,0.0,0.0,0,-2.662098924953426,3.52495742092446,3.4915985531670075
0.0,0.0,0.0,0,-1.9890208048944942,3.52495742092446,3.499867020744136
0.0,0.0,0.0,0,-5.428787636799683,3.52495742092446,3.4587539754410495
0.0,0.0,0.0,0,-5.15215002098617,3.52495742092446,3.461956807266861
0.0,0.0,0.0,0,-5.130239963574951,3.52495742092446,3.4622112366043796
0.0,0.0,0.0,0,-6.576142751763825,3.52495742092446,3.445658760868974
0.0,87.16,31.19,0,-7.984686723250377,3.177099780701627,3.177099780701627
0.0,0.0,0.0,0.0,44.48599647699563,2.642996501252731,3.52495742092446
0.0,0.0,0.0,0.0,32.18456023635689,3.0302576251016173,3.4413885866543605
0.0,0.0,0.0,0.0,23.77397292132949,3.233427603915881,3.4862943378003117
0.0,0.0,0.0,0.0,17.602955404143387,3.3343137124549727,3.52495742092446
0.0,0.0,0.0,0.0,14.265776950665902,3.3653627739686196,3.52495742092446
0.0,0.0,0.0,0.0,10.197006766014503,3.4062707843311895,3.52495742092446
0.0,0.0,0.0,0.0,8.448351776703078,3.4249311780386114,3.52495742092446
0.0,0.0,0.0,0.0,6.523728980044339,3.4462504073183577,3.52495742092446
0.0,0.0,0.0,0.0,6.348392411686341,3.448234155923631,3.52495742092446
0.0,0.0,0.0,0.0,5.400381600254846,3.459082033462966,3.52495742092446
0.0,0.0,0.0,0.0,4.577981675340446,3.4686613672289006,3.52495742092446
0.0,0.0,0.0,0.0,2.709964647737692,3.491014753087901,3.52495742092446
0.0,0.0,0.0,0.0,1.367254271471971,3.5076041176822583,3.52495742092446
0.0,0.0,0.0,0.0,1.8532112157009664,3.5015488478210752,3.52495742092446
0.0,0.0,0.0,0.0,2.105834476583439,3.4984240627263374,3.52495742092446
0.0,0.0,0.0,0.0,0.8645704025026504,3.513929598722165,3.52495742092446
0.0,0.0,0.0,0.0,-0.7511902192560811,3.52495742092446,3.515365049099248
0.0,0.0,0.0,0.0,-1.121661037819159,3.52495742092446,3.510686636497379
0.0,0.0,0.0,0.0,0.4098015802622399,3.5197067381879363,3.52495742092446
0.0,0.0,0.0,0.0,-0.7336720840664626,3.52495742092446,3.5155871255412827
0.0,0.0,0.0,0.0,-1.7460252657940245,3.52495742092446,3.5028794176943796
0.0,0.0,0.0,0.0,-0.22195689163607568,3.52495742092446,3.522108254048637
0.0,0.0,0.0,0.0,-1.2675688075991545,3.52495742092446,3.508853489927144
515.92,542.36,0.0,0.0,-2.4928464156735686,3.52495742092446,3.328569283100518e-16
950.42,246.93,0.0,0.0,29.802625371753837,3.52495742092446,3.328569283100518e-16
0.0,0.0,0.0,0.0,66.39621769183124,2.0003877026839867e-16,3.52495742092446
541.47,0.0,0.0,0.0,48.13709975683081,3.52495742092446,1.4723679417121474
365.86,0.0,0.0,0.0,52.19556188580588,3.52495742092446,1.4723679417121474
0.0,0.0,0.0,0.0,78.15062241744644,2.0003877026839867e-16,3.52495742092446
0.0,0.0,0.0,0.0,56.34177194920021,1.6527513662258264,3.52495742092446
594.22,75.79,0.0,0.0,31.294626384120622,3.52495742092446,3.328569283100518e-16
0.0,0.0,0.0,0.0,59.13846906016413,0.6663758702480985,3.52495742092446
608.46,0.0,0.0,0.0,41.63936450807162,3.52495742092446,1.4723679417121474
536.88,0.0,0.0,0.0,52.41856135116385,3.52495742092446,1.4723679417121474
0.0,0.0,0.0,0.0,77.87023821717415,2.0003877026839867e-16,3.52495742092446
239.58,0.0,0.0,0.0,53.432246439681194,3.52495742092446,1.4723679417121474
0.0,0.0,0.0,0.0,62.60415869331186,2.0003877026839867e-16,3.52495742092446
687.56,248.49,0.0,0.0,35.94162518435357,3.52495742092446,3.328569283100518e-16
233.55,0.0,0.0,0.0,59.93886900466359,3.52495742092446,1.4723679417121474
0.0,0.0,0.0,0.0,92.38794715535289,2.0003877026839867e-16,3.52495742092446
0.0,0.0,0.0,0.0,66.25616133653686,2.0003877026839867e-16,3.52495742092446
417.15,264.93,0.0,0.0,24.51278743735599,3.52495742092446,3.328569283100518e-16
658.72,0.0,0.0,0.0,43.40272910643641,3.52495742092446,1.4723679417121474
0.0,0.0,0.0,0.0,73.87993117501067,2.0003877026839867e-16,3.52495742092446
673.37,101.3,0.0,0.0,46.098525364837,3.52495742092446,3.328569283100518e-16
161.19,0.0,0.0,0.0,66.964465005112,3.52495742092446,1.4723679417121474
0.0,0.0,0.0,0.0,99.88023672460568,2.0003877026839867e-16,3.52495742092446
0.0,0.0,0.0,0.0,68.15861915459962,2.0003877026839867e-16,3.52495742092446
443.97,355.24,0.0,0.0,24.262809928086682,3.52495742092446,3.328569283100518e-16
712.09,0.0,0.0,0.0,50.70303465244855,3.52495742092446,1.4723679417121474
0.0,0.0,0.0,0.0,84.17468490725113,2.0003877026839867e-16,3.52495742092446
574.19,0.0,0.0,0.0,53.53699632533052,3.52495742092446,1.4723679417121474
738.62,0.0,0.0,0.0,59.44851524374156,3.52495742092446,1.4723679417121474
0.0,0.0,0.0,0.0,84.78102391096888,2.0003877026839867e-16,3.52495742092446
0.0,0.0,0.0,0.0,58.79737105654985,0.8550645524082813,3.52495742092446
1355.85,0.0,0.0,0.0,22.848535880466066,3.52495742092446,1.4723679417121474
0.0,0.0,0.0,0.0,35.51422012888083,2.9363253632831032,3.4786352790885804
0.0,0.0,0.0,0.0,37.159511010718674,2.885869280696984,3.4961677328857026
0.0,0.0,0.0,0.0,30.729598508927488,3.068472338264356,3.424420202228892
0.0,0.0,0.0,0.0,24.85978733791452,3.209318831223689,3.4745667445375084
0.0,0.0,0.0,0.0,20.64100315113337,3.300165501767185,3.5186313244906566
0.0,0.0,0.0,0.0,18.284176739028744,3.3282421285216413,3.52495742092446
0.0,0.0,0.0,0.0,17.407523439105,3.3360719868596704,3.52495742092446
0.0,0.0,0.0,0.0,15.2905835231604,3.355593963587749,3.52495742092446
0.0,0.0,0.0,0.0,14.517110512903102,3.362947488241156,3.52495742092446
0.0,650.14,0.0,0.0,11.179176443173773,3.52495742092446,2.0003877026839867e-16
1071.14,0.0,0.0,0.0,51.39824951812956,3.52495742092446,1.4723679417121474
0.0,0.0,0.0,0.0,86.40483806295022,2.0003877026839867e-16,3.52495742092446
0.0,0.0,0.0,0.0,56.28022176984425,1.6655219033509774,3.52495742092446
0.0,0.0,0.0,0.0,28.162291013413515,3.1324613393666016,3.4373802368282247
0.0,0.0,0.0,0.0,18.57676971292399,3.3256614836898053,3.52495742092446
0.0,0.0,0.0,0.0,15.422202930546746,3.354354512336624,3.52495742092446
0.0,0.0,0.0,0.0,12.959790093206223,3.378119397024125,3.52495742092446
0.0,0.0,0.0,0.0,11.989546558844339,3.387823352849232,3.52495742092446
0.0,0.0,0.0,0.0,9.393139253864774,3.4147664579681978,3.52495742092446
0.0,0.0,0.0,0.0,8.586651728994767,3.423431007071421,3.52495742092446
0.0,0.0,0.0,0.0,9.409892775408352,3.4145879710580425,3.52495742092446
0.0,0.0,0.0,0.0,9.1593389594927,3.4172636703063377,3.52495742092446
0.0,0.0,0.0,0.0,4.673108324280804,3.467545234107115,3.52495742092446
0.0,0.0,0.0,0.0,2.2514537586447716,3.4966299679551027,3.52495742092446
0.0,0.0,0.0,0.0,3.6467526438931657,3.4797005484453254,3.52495742092446
0.0,0.0,0.0,0.0,-1.3977374948288315,3.52495742092446,3.5072225605179437
0.0,0.0,0.0,0.0,-1.6802646460120627,3.52495742092446,3.503697151716261
0.0,658.89,943.15,489.25,-4.78718843342952,0.5771133527000285,3.177099780701627
0.0,1083.23,1639.87,1501.86,-30.488144051631565,-0.00543525571284621,3.177099780701627
0.0,0.0,0.0,0,44.49142870896094,2.642789619119077,3.52495742092446
0.0,0.0,0.0,0,33.85763240362894,2.984289976892817,3.4603891134664155
0.0,0.0,0.0,0,26.751426812237966,3.1659837852290744,3.45353726428787
0.0,0.0,0.0,0,20.79566772050445,3.296963434309749,3.517089680776986
0.0,0.0,0.0,0,16.433834614663215,3.344942256222403,3.52495742092446
0.0,0.0,0.0,0,12.075829140627924,3.386952472157576,3.52495742092446
0.0,0.0,0.0,0,7.735633033922532,3.4327293430670958,3.52495742092446
0.0,0.0,0.0,0,5.093177220393194,3.4626418804016588,3.52495742092446
0.0,0.0,0.0,0,3.5979724802415305,3.4802844930716073,3.52495742092446
0.0,0.0,0.0,0,2.3679586005038686,3.495198314811777,3.52495742092446
0.0,0.0,0.0,0,1.3018760155986797,3.508423233669945,3.52495742092446
0.0,0.0,0.0,0,0.5051671830311193,3.5184909453738755,3.52495742092446
0.0,0.0,0.0,0,-0.0520560986570473,3.52495742092446,3.5242880742140903
0.0,0.0,0.0,0,-0.5359015266362377,3.52495742092446,3.5180996100734814
0.0,0.0,0.0,0,-0.8463810190917442,3.52495742092446,3.5141596681813336
0.0,0.0,0.0,0,-0.9668583371025932,3.52495742092446,3.5126373486915505
0.0,0.0,0.0,0,-0.9258536314290495,3.52495742092446,3.5131550649471666
0.0,0.0,0.0,0,-1.1790236649453334,3.52495742092446,3.5099653142769376
0.0,0.0,0.0,0,-1.2558799179537914,3.52495742092446,3.5090001504924175
162.75,174.48,0.0,0,-1.3134473323537108,3.52495742092446,3.328569283100518e-16
261.87,0.0,0.0,0,43.95567543085368,3.52495742092446,1.4723679417121474
0.0,0.0,0.0,0,79.67490512862764,2.0003877026839867e-16,3.52495742092446
0.0,0.0,0.0,0,42.132452356054415,2.7256078797035688,3.52495742092446
582.52,90.35,0.0,0,27.491503679076924,3.52495742092446,3.328569283100518e-16
0.0,0.0,0.0,0,75.88301392311834,2.0003877026839867e-16,3.52495742092446
191.94,0.0,0.0,0,46.088269763752095,3.52495742092446,1.4723679417121474
228.78,0.0,0.0,0,51.25826918759562,3.52495742092446,1.4723679417121474
0.0,0.0,0.0,0,82.81969665100311,2.0003877026839867e-16,3.52495742092446
30.75,0.0,0.0,0,44.584331356465874,3.52495742092446,1.4723679417121474
0.0,0.0,0.0,0,62.55983490802685,2.0003877026839867e-16,3.52495742092446
577.59,341.22,0.0,0,24.675506257562567,3.52495742092446,3.328569283100518e-16
221.01,0.0,0.0,0,61.728183234280564,3.52495742092446,1.4723679417121474
0.0,0.0,0.0,0,98.57443379374847,2.0003877026839867e-16,3.52495742092446
0.0,0.0,0.0,0,61.520503604271504,2.0003877026839867e-16,3.52495742092446
359.3,390.91,0.0,0,10.382329668409533,3.52495742092446,3.328569283100518e-16
827.36,0.0,0.0,0,44.10480620289462,3.52495742092446,1.4723679417121474
0.0,0.0,0.0,0,80.15444547627209,2.0003877026839867e-16,3.52495742092446
760.87,276.67,0.0,0,43.58696315982118,3.52495742092446,3.328569283100518e-16
0.0,0.0,0.0,0,76.81330018893289,2.0003877026839867e-16,3.52495742092446
927.79,528.02,0.0,0,44.328254624483435,3.52495742092446,3.328569283100518e-16
31.19,0.0,0.0,0,79.77400980888964,3.52495742092446,1.4723679417121474
0.0,0.0,0.0,0,113.94278917391671,2.0003877026839867e-16,3.52495742092446
0.0,0.0,0.0,0,75.1488246668886,2.0003877026839867e-16,3.52495742092446
303.15,288.31,0.0,0,23.837590139950578,3.52495742092446,3.328569283100518e-16
0.0,0.0,0.0,0,57.815200378736535,1.2617793001074409,3.52495742092446
0.0,0.0,0.0,0,38.35114384937815,2.847286450952371,3.5084807952268062
0.0,0.0,0.0,0,24.06626416921373,3.2269900741369137,3.4831627406180465
0.0,0.0,0.0,0,19.482316743285878,3.31777721719512,3.52495742092446
0.0,0.0,0.0,0,16.924401542863116,3.340450207852375,3.52495742092446
0.0,0.0,0.0,0,14.960352217697107,3.358718899517568,3.52495742092446
0.0,0.0,0.0,0,12.987561970609335,3.3778444994776704,3.52495742092446
0.0,0.0,0.0,0,12.753006124791632,3.38017122416915,3.52495742092446
0.0,0.0,0.0,0,10.865884132989734,3.399307566704393,3.52495742092446
0.0,0.0,0.0,0,11.547705460162774,3.392307416420187,3.52495742092446
998.24,1696.29,1821.55,0,12.52594553965011,3.177099780701627,-0.00543525571284621
1612.42,1832.1,0.0,0,33.163819241866136,3.52495742092446,-1.0050147492625363
1814.85,0.0,0.0,0,78.76964811605204,3.52495742092446,1.4723679417121474
0.0,0.0,0.0,0,91.65076240746356,2.0003877026839867e-16,3.52495742092446
780.11,0.0,0.0,0,53.31022527701312,3.52495742092446,1.4723679417121474
0.0,0.0,0.0,0,45.88595902521982,2.5867010539720994,3.52495742092446
0.0,0.0,0.0,0,43.302694227846395,2.686183324502107,3.52495742092446
0.0,0.0,0.0,0,33.55735681715275,2.9927125171962077,3.4570204867975147
0.0,0.0,0.0,0,26.894851776676184,3.162624785846047,3.4519128129754377
0.0,0.0,0.0,0,23.56220517255123,3.2380680970541937,3.4885513707492892
0.0,0.0,0.0,0,20.56575220936469,3.301720119514704,3.5193792699193778
0.0,0.0,0.0,0,17.582311678405617,3.3344990940325947,3.52495742092446
0.0,0.0,0.0,0,15.247114536350992,3.3560040640928244,3.52495742092446
0.0,0.0,0.0,0,12.620546001393649,3.3814902033946814,3.52495742092446
0.0,0.0,0.0,0,12.265015328987701,3.3850483794130173,3.52495742092446
0.0,0.0,0.0,0,10.574498408465146,3.4023292387326807,3.52495742092446
0.0,0.0,0.0,0,10.95846550936379,3.398351277046397,3.52495742092446
0.0,0.0,0.0,0,11.725977792979009,3.3904932808816306,3.52495742092446
0.0,0.0,0.0,0,9.507946250241787,3.413544562116796,3.52495742092446
0.0,0.0,0.0,0,6.799568319103599,3.443143738883094,3.52495742092446
0.0,0.0,362.44,0,6.254851422876669,2.0003877026839867e-16,3.52495742092446
0,0,0.0,0,28.09810936584963,3.1340101189683227,3.4381237024872697
0,0,0.0,0,22.847822673472013,3.2535793080447233,3.4960909345286177
0,0,0.0,0,19.272410957390804,3.319591047306486,3.52495742092446
0,0,0.0,0,20.40660487052856,3.3050008280172367,3.520956477479347
0,0,0.0,0,12.355788363232588,3.3841374237623976,3.52495742092446
0,0,0.0,0,11.457030763478148,3.393232702629327,3.52495742092446
0,0,0.0,0,9.786263335476015,3.4105942833525225,3.52495742092446
0,0,0.0,0,5.1801411907768085,3.4616319240546125,3.52495742092446
0,0,0.0,0,4.783741909202224,3.466249829136441,3.52495742092446
0,0,0.0,0,4.298375032658242,3.4719543646492843,3.52495742092446
0,0,0.0,0,3.9093153037197865,3.476567182042787,3.52495742092446
0,0,0.0,0,2.531093771453804,3.493199222679503,3.52495742092446
0,0,0.0,0,1.343703193582634,3.507899063672527,3.52495742092446
0,0,0.0,0,1.9414212502111283,3.5004559631566057,3.52495742092446
0,0,0.0,0,2.1324802408486434,3.4980953863447692,3.52495742092446
0,0,0.0,0,2.151259214235843,3.4978638517233223,3.52495742092446
0,0,0.0,0,2.0904479033071226,3.4986139359736255,3.52495742092446
0,0,0.0,0,2.038679394388275,3.4992531960642497,3.52495742092446
0,0,0.0,0,1.2498031334196327,3.5090764093888165,3.52495742092446
0,0,0.0,0,0.7886503310199018,3.5148904280904634,3.52495742092446
0,0,930.63,0,1.32963696328288,2.0003877026839867e-16,3.52495742092446
0,0,0.0,0.0,-0.06386265762336207,3.52495742092446,3.524136359308989
0,0,0.0,0.0,0.6020812390688894,3.5172577636785207,3.52495742092446
0,0,0.0,0.0,-0.8672640699883194,3.52495742092446,3.5138955347700107
0,0,0.0,0.0,-1.0787795844658088,3.52495742092446,3.5112263978190668
0,0,0.0,0.0,-0.8819555440537288,3.52495742092446,3.5137097793280834
0,0,0.0,0.0,0.9417249005668065,3.5129546278905326,3.52495742092446
0,0,0.0,0.0,-0.5523666460832404,3.52495742092446,3.5178900604812084
0,0,0.0,0.0,-1.6105375957155121,3.52495742092446,3.5045653763144986
0,0,0.0,0.0,-4.010695687626285,3.52495742092446,3.4753617236556904
0,0,0.0,0.0,-3.976988817631237,3.52495742092446,3.4757622424077086
0,0,0.0,0.0,-3.2807878627432623,3.52495742092446,3.484095396266769
0,0,0.0,0.0,-1.3538935614866627,3.52495742092446,3.5077714259121646
0,0,0.0,0.0,1.7248257921086854,3.5031429166662598,3.52495742092446
0,0,0.0,0.0,1.3023852498726114,3.5084168494279306,3.52495742092446
0,0,0.0,0.0,1.0420854471992116,3.5116886424064435,3.52495742092446
0,0,0.0,0.0,1.4349692617301555,3.5067568453536246,3.52495742092446
0,0,0.0,0.0,0.15591191600981458,3.522954737031766,3.52495742092446
0,0,0.0,0.0,-1.3438578172159024,3.52495742092446,3.507897126766927
0,0,0.0,0.0,-0.7455021865622709,3.52495742092446,3.5154371475214248
0,0,0.0,0.0,-2.7299782241629806,3.52495742092446,3.490770820078424
0,0,0.0,0.0,-0.6047501831137059,3.52495742092446,3.51722383624038
0,0,0.0,0.0,-2.735162708590825,3.52495742092446,3.4907076454889983
0,0,0.0,0.0,-2.672368687897454,3.52495742092446,3.49147324985142
0,0,0.0,0.0,-3.7756075202321795,3.52495742092446,3.4781607678081974
0,0,0.0,0.0,-2.8658108135036224,3.52495742092446,3.4891178093598207
0,0,0.0,0.0,-0.2056392500949681,3.52495742092446,3.522317290454646
0,0,0.0,0.0,-2.79216948523936,3.52495742092446,3.4900134300197614
0,0,0.0,0.0,-0.9159123384822879,3.52495742092446,3.5132806449302554
0,0,0.0,0.0,-3.339408448615015,3.52495742092446,3.4833892641610436
0,0,0.0,0.0,-3.5100928190334737,3.52495742092446,3.4813379322302023
0,0,0.0,0.0,-4.147093543196939,3.52495742092446,3.47374374260483
0,0,0.0,0.0,-3.190416890424208,3.52495742092446,3.485185606679194
0,0,0.0,0.0,-4.481332076276592,3.52495742092446,3.4697975494661835
0,0,724.99,43.29,-4.810616713409532,3.328569283100518e-16,3.52495742092446
0.0,0.0,0.0,0.0,53.311563607196966,2.100743264215079,3.52495742092446
0.0,0.0,0.0,0.0,34.79598018909725,2.9574447143773126,3.4707956100131536
0.0,0.0,0.0,0.0,25.17542428072234,3.2022088571143623,3.47110983985939
0.0,0.0,0.0,0.0,16.268637793944123,3.346465509814866,3.52495742092446
52.28,517.76,19.95,0.0,13.794755035935196,3.177099780701627,1.0093165304267695
1521.1,1496.7,0.0,0.0,40.76496175818038,3.52495742092446,-1.0050147492625363
1139.84,0.0,0.0,0.0,100.86609256108838,3.52495742092446,1.4723679417121474
0.0,0.0,0.0,0.0,138.859542860259,2.0003877026839867e-16,3.52495742092446
0.0,0.0,0.0,0.0,101.63502865579625,2.0003877026839867e-16,3.52495742092446
932.45,886.95,0.0,0.0,51.91864553740949,3.52495742092446,3.328569283100518e-16
1135.8,134.23,0.0,0.0,88.7993044572602,3.52495742092446,3.328569283100518e-16
0.0,0.0,0.0,0.0,142.93438844099757,2.0003877026839867e-16,3.52495742092446
0.0,0.0,0.0,0.0,109.77091079393313,2.0003877026839867e-16,3.52495742092446
864.88,817.87,0.0,0.0,59.160463923265034,3.52495742092446,3.328569283100518e-16
1062.03,0.0,0.0,0.0,95.80759161658185,3.52495742092446,1.4723679417121474
0.0,0.0,0.0,0.0,130.7257308029744,2.0003877026839867e-16,3.52495742092446
693.74,0.0,0.0,0.0,94.3509195283697,3.52495742092446,1.4723679417121474
0.0,0.0,0.0,0.0,115.57611399369212,2.0003877026839867e-16,3.52495742092446
0.0,0.0,0.0,0.0,76.00043805376534,2.0003877026839867e-16,3.52495742092446
1260.52,382.67,0.0,0.0,22.58102519596759,3.52495742092446,3.328569283100518e-16
0.0,0.0,0.0,0.0,57.05437619891434,1.4867867194606157,3.52495742092446
0.0,0.0,0.0,0.0,43.30669863745964,2.6860431238486786,3.52495742092446
0.0,0.0,0.0,0.0,27.690499066855395,3.1437921951220353,3.4428267167841975
0.0,0.0,0.0,0.0,22.83146375851075,3.253931957510745,3.4962622282207962
0.0,0.0,0.0,0.0,21.654454903518626,3.2790140185971106,3.508423724192311
0.0,0.0,0.0,0.0,20.421415051237886,3.304695934442994,3.520809968274762
0.0,0.0,0.0,0.0,18.65808170820266,3.3249472043551336,3.52495742092446
0.0,0.0,0.0,0.0,15.742788862962684,3.3513499399740367,3.52495742092446
0.0,0.0,0.0,0.0,12.707854348295953,3.380620418408037,3.52495742092446
0.0,0.0,0.0,0.0,4.725943400018522,3.466926231674128,3.52495742092446
0.0,0.0,0.0,0.0,5.398337952953895,3.459105642526603,3.52495742092446
0.0,0.0,0.0,0.0,6.667940360362934,3.4446240555963756,3.52495742092446
0.0,0.0,0.0,0.0,6.34921165444355,3.448224870743575,3.52495742092446
0.0,0.0,0.0,0.0,7.766695398099202,3.432387121984019,3.52495742092446
0.0,0.0,0.0,0.0,5.140376021584331,3.4620935182829253,3.52495742092446
0.0,0.0,24.98,0.0,3.953103682783805,2.0003877026839867e-16,3.52495742092446
0.0,0.0,749.01,1024.88,-40.19938417734319,3.328569283100518e-16,3.52495742092446
0.0,0.0,0.0,0.0,258.3570448089873,2.0003877026839867e-16,3.52495742092446
0.0,0.0,0.0,0.0,199.8390155886689,2.0003877026839867e-16,3.52495742092446
0.0,0.0,0.0,0.0,148.91684573667507,2.0003877026839867e-16,3.52495742092446
0.0,0.0,0.0,0.0,102.86331630911823,2.0003877026839867e-16,3.52495742092446
0.0,0.0,0.0,0.0,57.84962158580564,1.2500865899384674,3.52495742092446
0.0,434.9,33.48,0.0,27.761750409211984,3.177099780701627,3.177099780701627
0.0,0.0,0.0,0.0,90.9160056964496,2.0003877026839867e-16,3.52495742092446
0.0,0.0,214.67,431.59,47.05976078620511,3.328569283100518e-16,3.52495742092446
0.0,0.0,0.0,0.0,-4.482409791759736,3.52495742092446,3.4697848680544365
0.0,0.0,0.0,0.0,-15.258223902467378,3.52495742092446,3.3558992189992427
691.56,0.0,0.0,0.0,-10.70250695332166,3.52495742092446,1.4723679417121474
0.0,0.0,0.0,0.0,14.628948327596987,3.361876824876639,3.52495742092446
0.0,0.0,0.0,0.0,17.173795923240448,3.3381844707032373,3.52495742092446
0.0,0.0,0.0,130.0,14.79866244280602,1.4723679417121474,3.52495742092446
0.0,0.0,0.0,0.0,-10.737988489489354,3.52495742092446,3.4006316195467536
0.0,0.0,0.0,0.0,-15.172955796269903,3.52495742092446,3.356704569125247
0.0,0.0,0.0,0.0,-13.501503934652149,3.52495742092446,3.3727858462096294
0.0,0.0,0.0,0.0,-11.424546610619359,3.52495742092446,3.393564606791659
0.0,0.0,0.0,0.0,-7.9862821540474584,3.52495742092446,3.4299740200179847
0.0,0.0,0.0,0.0,-6.542335493871661,3.52495742092446,3.44604030546503
0.0,0.0,0.0,0.0,-5.532014176549907,3.52495742092446,3.457563399018611
0.0,0.0,0.0,0.0,-6.040324228354876,3.52495742092446,3.4517366417377766
0.0,0.0,0.0,0.0,-5.936475722062809,3.52495742092446,3.452922219570542
0.0,0.0,0.0,0.0,-5.570719223137658,3.52495742092446,3.457117625559556
0.0,0.0,0.0,0.0,-5.261441563741101,3.52495742092446,3.460689334811144
0.0,0.0,0.0,0.0,-4.694960107538435,3.52495742092446,3.4672891446475993
0.0,0.0,0.0,0.0,-4.417955122833973,3.52495742092446,3.4705437836071344
0.0,0.0,0.0,0.0,-4.315400731722221,3.52495742092446,3.4717533212785923
0.0,0.0,0.0,0.0,-3.783162224043707,3.52495742092446,3.4780706141168736
0.0,0.0,0.0,0.0,-3.5550666611284925,3.52495742092446,3.4807985867041973
0.0,0.0,0.0,0.0,-3.482624602654454,3.52495742092446,3.481667581127191
0.0,0.0,0.0,0.0,-3.1757189950063207,3.52495742092446,3.4853631039284694
0.0,0.0,0.0,0.0,-3.166871429456748,3.52495742092446,3.4854699755135843
0.0,0.0,0.0,0.0,-3.1415196785775095,3.52495742092446,3.485776309057053
0.0,0.0,0.0,0.0,-3.8486888131730836,3.52495742092446,3.477289226466698
0.0,0.0,0.0,0.0,-2.9782775036381253,3.52495742092446,3.487752531732559
0.0,0.0,0.0,0.0,-1.3579617047764856,3.52495742092446,3.507720478271786
0.0,0.0,0.0,0.0,-0.2027754740175851,3.52495742092446,3.5223539836977507
0.0,0.0,0.0,0.0,0.4945795437778031,3.518625811242101,3.52495742092446
0.0,0.0,0.0,0.0,0.11553185899973073,3.523472824470422,3.52495742092446
0.0,0.0,0.0,0.0,-0.7288543091425481,3.52495742092446,3.5156482137367395
0.0,0.0,0.0,0.0,-3.6698690036439103,3.52495742092446,3.4794240224184607
0.0,0.0,0.0,0.0,-5.128166900173156,3.52495742092446,3.462235315732451
596.7,1300.95,1372.46,866.86,-6.0644227106179045,-0.00543525571284621,-0.00543525571284621
990.38,1530.84,1536.0,1005.46,-4.747823270481021,-0.00543525571284621,-0.00543525571284621
984.54,1527.08,1533.18,1000.53,-4.736133099750731,-0.00543525571284621,-0.00543525571284621
0,0,0,0,-70.11382324075402,3.4329547419128303,4.708386491309833e-16
0,0,0,0,-24.590574750102576,3.4774983414243703,3.2153463177779225
0,0,0,0,-14.191911442253527,3.52495742092446,3.3660750337452625
0,0,0,0,-12.573970084162298,3.52495742092446,3.3819548475662735
0,0,0,0,-13.072994162983818,3.52495742092446,3.3769998503923393
0,0,0,0,-12.995660674250828,3.52495742092446,3.377764365027958
0,0,0,0,-12.902214789373161,3.52495742092446,3.3786898067808564
0,0,0,0,-12.587292693291715,3.52495742092446,3.3818218945854475
0,0,0,0,-12.996648979487802,3.52495742092446,3.377754586942244
0,0,0,0,-13.558784073730607,3.52495742092446,3.372225392513742
0,0,0,0,-15.089283128448798,3.52495742092446,3.3574962574699683
0,0,0,0,-17.933231936893662,3.52495742092446,3.3313589383574858
0,0.0,0.0,0.0,-70.25055816313719,3.4325021920778367,4.747129978198121e-16
0,0.0,0.0,0.0,-19.963891866461026,3.52495742092446,3.3136469898501786
0,0.0,0.0,0.0,-11.442763679717117,3.52495742092446,3.393378448022845
0,0.0,0.0,0.0,-11.075120019371965,3.52495742092446,3.397148920299579
0,0.0,0.0,0.0,-10.519031535790234,3.52495742092446,3.4029064809492837
0,0.0,0.0,0.0,-10.763894054829251,3.52495742092446,3.4003631485264645
0,0.0,0.0,0.0,-11.514903521917915,3.52495742092446,3.3926419427946923
0,0.0,0.0,0.0,-9.746452527862175,3.52495742092446,3.411015267241488
0,0.0,0.0,0.0,-7.548475583422558,3.52495742092446,3.4347958621359194
0,0.0,0.0,293.07,-9.815712307100071,1.4723679417121474,3.52495742092446
0,0.0,0.0,0.0,-37.0241786126659,3.4947485518871,2.890137063537493
0,0.0,0.0,0.0,-39.28004793442727,3.5178451233641788,2.8158513565059784
0,0.0,0.0,0.0,-32.85090426590878,3.4490230737853658,3.0122248203627513
0,0.0,0.0,0.0,-28.525208403431293,3.4331613815444966,3.1236593383032454
0,0.0,0.0,0.0,-25.55172214519854,3.4669609716378713,3.193670614988761
0,0.0,0.0,0.0,-24.02086832476961,3.483650346776243,3.227992381423909
0,0.0,0.0,0.0,-23.073824952587344,3.493718217488028,3.2486957887546937
0,0.0,0.0,0.0,-23.366752610719814,3.4906256203552433,3.242333709712246
0,0.0,0.0,0.0,-23.479933765488838,3.4894255239754117,3.2398656334552087
0,0.0,0.0,0.0,-27.416065582027784,3.4459748390375116,3.1503264560566233
0,1587.54,1221.05,0.0,-33.37156533354536,3.177099780701627,3.177099780701627
0.0,0.0,0.0,0.0,9.929184900843552,3.4090857629824423,3.52495742092446
0.0,0.0,0.0,0.0,13.774225704758251,3.3701234033060095,3.52495742092446
0.0,0.0,0.0,0.0,12.947681531222216,3.378239302256088,3.52495742092446
0.0,0.0,0.0,0.0,11.541968313362162,3.392365909654954,3.52495742092446
0.0,0.0,0.0,0.0,11.886406184189738,3.388866424988285,3.52495742092446
809.44,1077.57,0.0,0.0,9.601391032392357,3.52495742092446,-1.0050147492625363
0.0,0.0,0.0,0.0,66.17898062820154,2.0003877026839867e-16,3.52495742092446
794.89,0.0,0.0,0.0,33.916266361365544,3.52495742092446,1.4723679417121474
0.0,0.0,0.0,0.0,43.66997144907192,2.6731629998678423,3.52495742092446
0.0,0.0,0.0,0.0,39.55670955049685,2.8062371896742655,3.520593467012826
0.0,0.0,0.0,0.0,28.989090215096823,3.1122965763754786,3.4277322964279917
0.0,0.0,471.49,554.8,22.5614053466539,3.328569283100518e-16,3.52495742092446
0.0,0.0,0.0,457.12,-21.185469674628365,1.4723679417121474,3.52495742092446
0.0,0.0,0.0,0.0,-56.96787733766233,3.4750710040046755,1.5764903226107816
0.0,0.0,0.0,0.0,-40.23435326838968,3.524306067222065,2.7842876445231193
0.0,0.0,0.0,9.28,-24.289072305143094,1.4723679417121474,3.52495742092446
0.0,0.0,0.0,0.0,-49.84559399811325,3.4966639412855285,2.410756960975497
0.0,0.0,0.0,0.0,-46.37228387835336,3.506858311767804,2.5813502517560276
0.0,0.0,0.0,0.0,-35.336121158865936,3.476701641194616,2.9416106002245153
0.0,0.0,0.0,0.0,-32.57091320197152,3.445825803186345,3.0198447556200034
0.0,0.0,0.0,0.0,-30.11844029634399,3.4171739165887924,3.0840831631819516
0.0,0.0,0.0,0.0,-26.619749130293144,3.455025012076325,3.1690582466778467
0.0,0.0,0.0,0.0,-26.527017534865095,3.456070624988649,3.171218009946573
0.0,0.0,0.0,0.0,-26.932860935097068,3.4514816229412477,3.16173281054297
0.0,0.0,0.0,0.0,-27.29226907226358,3.4473900922482987,3.1532606524441684
0.0,0.0,0.0,0.0,-30.25046225756428,3.418745082195179,3.0807319497087815
0.0,0.0,180.66,0.0,-32.519945252251205,2.0003877026839867e-16,3.52495742092446
0,0,339.5,1022.55,23.627702707037628,3.328569283100518e-16,3.52495742092446
0,0,0.0,0.0,-9.766591807951485,3.52495742092446,3.4108022593331233
0,0,0.0,0.0,-27.26526558388172,3.4476983954267713,3.1538995861511037
0,0,0.0,0.0,-26.178077932853164,3.4599894666702893,3.179305665265369
0,0,0.0,0.0,-22.721397976831383,3.4974131285869463,3.256301721131145
0,0,0.0,57.88,-23.792353419453782,1.4723679417121474,3.52495742092446
0,0,0.0,0.0,-48.47984111205782,3.500699474143431,2.48532469431607
0,0,0.0,0.0,-44.62986942120529,3.5118862122464267,2.648211090306331
0,0,0.0,0.0,-34.00493012979761,3.4620347988989857,2.980129289242793
0,0,0.0,0.0,-26.131436682403944,3.4605113927258175,3.180382045964069
0,0,0.0,0.0,-23.395777782475918,3.490318131441842,3.241701303408616
0,0,0.0,0.0,-24.86589479422335,3.4745000565733406,3.2091816992257813
0,0,0.0,0.0,-24.162832820194154,3.482123970311279,3.22485483955475
0,0,0.0,0.0,-24.875196274082214,3.474398477374118,3.2089728177172976
0,0,0.0,0.0,-20.734218014502815,3.51770289444901,3.2982367494958202
0,0,0.0,296.79,-19.938568001519144,1.4723679417121474,3.52495742092446
0,0,0.0,0.0,-46.78642988326043,3.5056547022236115,2.5639619658659973
0,0,0.0,0.0,-47.27964712255456,3.5042170428402306,2.5423800855833156
0,0,0.0,0.0,-36.647459700375805,3.490776114619408,2.9019018354912953
0,0,0.0,0.0,-30.08081532235002,3.416725565496887,3.0850361389395373
0,0,0.0,0.0,-28.31759656151513,3.435577928151766,3.1287039185034344
0,0,0.0,0.0,-28.015777377042085,3.43907625164895,3.1359934736207955
0,0,0.0,0.0,-25.601032696282957,3.4664150920320123,3.1925467002270493
0,0,0.0,0.0,-26.83250695889366,3.452619447631896,3.1640862155757064
0,0,0.0,0.0,-28.362791399625166,3.4350525749130774,3.1276078894102812
0,0,0.0,0.0,-30.31761271391936,3.419542998610135,3.0790230190507284
0.0,540.43,1526.8,1476.59,71.09389739650872,-0.00543525571284621,3.177099780701627
0.0,0.0,1639.36,1837.49,48.75529691180145,-1.0050147492625363,3.52495742092446
0.0,352.66,0.0,984.54,8.446756045817523,2.497280988731197,3.177099780701627
915.31,1644.4,0.0,0.0,-13.647536516492728,3.52495742092446,-1.0050147492625363
1851.55,0.0,171.56,982.56,21.3920321752026,1.0093165304267695,2.497280988731197
1724.47,0.0,0.0,844.37,7.728902923672436,2.497280988731197,2.497280988731197
1624.79,872.19,0.0,0.0,-9.87320865502332,3.52495742092446,3.328569283100518e-16
125.73,0.0,483.33,1288.29,18.786238368576846,1.0093165304267695,2.497280988731197
207.09,0.0,0.0,1011.38,12.057881897202677,2.497280988731197,2.497280988731197
0.0,0.0,0.0,869.72,10.118320107721885,1.4723679417121474,3.52495742092446
712.11,0.0,0.0,0.0,-16.24908079345834,3.52495742092446,1.4723679417121474
266.22,0.0,0.0,0.0,1.3666222744172103,3.52495742092446,1.4723679417121474
0.0,0.0,0.0,540.35,32.3817013492949,1.4723679417121474,3.52495742092446
0.0,0.0,0.0,16.52,13.778229237059548,1.4723679417121474,3.52495742092446
0.0,0.0,0.0,0.0,-16.656303736960226,3.52495742092446,3.3428993303225107
266.47,0.0,0.0,0.0,-24.69522893634592,3.52495742092446,1.4723679417121474
0.0,0.0,0.0,0.0,-4.542882088659098,3.52495742092446,3.469073732615989
0.0,0.0,0.0,0.0,4.795748208645875,3.466109420463011,3.52495742092446
0.0,0.0,0.0,0.0,5.7492405256519845,3.4550660439108762,3.52495742092446
0.0,0.0,0.0,0.0,6.81953818607694,3.4429194967757506,3.52495742092446
0.0,0.0,0.0,0.0,3.2279827262120193,3.48473218410116,3.52495742092446
0.0,0.0,0.0,0.0,1.480582868795537,3.5061867547481924,3.52495742092446
0.0,0.0,0.0,0.0,0.21706602304421097,3.522170901208303,3.52495742092446
0.0,0.0,0.0,0.0,-0.02031913006263153,3.52495742092446,3.524696071790434
0.0,0.0,0.0,0.0,-1.8266888176581375,3.52495742092446,3.5018778239387913
0.0,0.0,614.63,324.51,-2.908182700398058,3.328569283100518e-16,3.52495742092446
0.0,0.0,0,0,17.84311692207291,3.33216306546383,3.52495742092446
0.0,0.0,0,0,22.628390590868747,3.258300251008652,3.498383487983165
0.0,0.0,0,0,20.88854666395406,3.2950360960636393,3.5161610744952316
0.0,0.0,0,0,19.21964169398413,3.3200483358137545,3.52495742092446
0.0,0.0,0,0,18.11257916630133,3.329763183281817,3.52495742092446
0.0,0.0,0,0,17.56815846585758,3.3346262378615084,3.52495742092446
0.0,0.0,0,0,17.727689342376323,3.3331953382248076,3.52495742092446
0.0,0.0,0,0,18.996430493459542,3.3219884355748497,3.52495742092446
0.0,0.0,0,0,23.406667963063725,3.2414639319446596,3.4902027134130766
237.15,222.78,0,0,30.751330641384953,3.52495742092446,3.328569283100518e-16
